ID + Name,ID,Position,Roster Position,Name,FPPG,Games Played,Salary,Game,Time,Team,Opponent,Injury Status,"Injury Details,",avg_pts,mins,ppm,sd_pts,player_rate,pts,ast,reb,stl,blk,ob_points,ob_pos
122905003 + Joel Embiid,122905003,FC,C,Joel Embiid,62.81,27,8800,UTA@PHI,Sat Jan 06 2024 7:30 PM EST,PHI,UTA,,",",66.1,32.7,2.021406727828746,6.89428104381531,9.587656723001839,12,2.3,7,0.7,1.4,28.3,FC
117775047 + Giannis Antetokounmpo,117775047,FC,PF,Giannis Antetokounmpo,57.0,34,9000,HOU@MIL,Sat Jan 06 2024 8:00 PM EST,MIL,HOU,,",",61.30769230769231,35.69230769230769,1.7176724137931034,13.97673433116987,4.386410362753226,11.6,2.1,5.2,0.8,0.7,23.4,FC
592745030 + Tyrese Haliburton,592745030,G,SG,Tyrese Haliburton,50.53,31,8300,BOS@IND,Sat Jan 06 2024 7:00 PM EST,IND,BOS,,",",49.82857142857143,32.92857142857143,1.513232104121475,13.364673789303856,3.728379174391126,12.8,2.8,3.8,0.8,0.3,23,G
722185079 + Alperen Sengun,722185079,FC,C,Alperen Sengun,42.4,33,6800,MIL@HOU,Sat Jan 06 2024 8:00 PM EST,HOU,MIL,,",",42.32666666666667,30.466666666666665,1.389277899343545,12.002825064284222,3.526392031873771,12.7,2.5,7.5,0.6,1,28.6,FC
177655005 + Jayson Tatum,177655005,FC,SF,Jayson Tatum,45.48,32,8000,IND@BOS,Sat Jan 06 2024 7:00 PM EST,BOS,IND,,",",46.35,35.583333333333336,1.302576112412178,8.150683183858662,5.686639874776384,14.4,2.3,4.3,0.9,0.5,25.2,FC
118915001 + Julius Randle,118915001,FC,PF,Julius Randle,41.07,35,7200,WAS@NY,Sat Jan 06 2024 7:00 PM EST,NYK,WAS,,",",41.63333333333333,35.666666666666664,1.1672897196261682,10.325257981326782,4.032183351605081,14,2.5,6.2,0.7,0.5,27.1,FC
453985001 + Tyrese Maxey,453985001,G,PG,Tyrese Maxey,42.3,33,6900,UTA@PHI,Sat Jan 06 2024 7:30 PM EST,PHI,UTA,,",",38.9,34.785714285714285,1.1182751540041067,9.898717865694291,3.929801872100491,13,4.6,3.4,1,0.3,25.9,G
198695003 + Jalen Brunson,198695003,G,PG,Jalen Brunson,40.9,35,6500,WAS@NY,Sat Jan 06 2024 7:00 PM EST,NYK,WAS,,",",44.10666666666667,35.93333333333333,1.2274582560296847,12.107227278817906,3.643003113011111,16,5.8,3.8,1.2,0.4,31.6,G
115805010 + Damian Lillard,115805010,G,PG,Damian Lillard,41.35,33,7000,HOU@MIL,Sat Jan 06 2024 8:00 PM EST,MIL,HOU,,",",39.646153846153844,35.38461538461539,1.1204347826086956,11.396316318926289,3.478856916274954,14.8,4.3,3.7,0.9,0.3,27.5,G
171395004 + Lauri Markkanen,171395004,FC,PF,Lauri Markkanen,38.78,26,6200,PHI@UTA,Sat Jan 06 2024 7:30 PM EST,UTA,PHI,,",",37.31818181818182,29.636363636363637,1.25920245398773,9.806815811650402,3.805331163031346,13.3,2.6,5.7,0.6,0.9,26.5,FC
137345002 + Kristaps Porzingis,137345002,FC,PF,Kristaps Porzingis,37.31,25,5900,IND@BOS,Sat Jan 06 2024 7:00 PM EST,BOS,IND,,",",40.57,30.6,1.3258169934640522,11.119957034289495,3.648395391717645,15.6,2.5,5.8,0.8,0.7,28.9,FC
175715005 + Kyle Kuzma,175715005,FC,PF,Kyle Kuzma,35.66,34,6400,NY@WAS,Sat Jan 06 2024 7:00 PM EST,WAS,NYK,,",",32.73571428571429,29.571428571428573,1.1070048309178744,12.56329250958198,2.6056636236676707,14.1,2.6,5.1,0.8,0.7,26.6,FC
171425002 + Isaiah Hartenstein,171425002,FC,C,Isaiah Hartenstein,22.73,35,4800,WAS@NY,Sat Jan 06 2024 7:00 PM EST,NYK,WAS,,",",31.493333333333332,31.866666666666667,0.9882845188284518,8.612902834590393,3.6565295044143,14.5,2.2,8.5,0.6,1,31.1,FC
159855011 + Fred VanVleet,159855011,G,PG,Fred VanVleet,37.34,32,6300,MIL@HOU,Sat Jan 06 2024 8:00 PM EST,HOU,MIL,,",",38.25333333333333,36,1.0625925925925925,15.168476082542591,2.5218969344823714,16.8,4.8,4,0.9,0.3,30.5,G
154265004 + Jaylen Brown,154265004,G,SG,Jaylen Brown,35.93,32,6100,IND@BOS,Sat Jan 06 2024 7:00 PM EST,BOS,IND,,",",36.1,32.23076923076923,1.1200477326968974,8.518020114244075,4.23807404958255,15.1,3,3.7,0.8,0.5,25.9,G
137375002 + Myles Turner,137375002,FC,C,Myles Turner,34.25,33,5800,BOS@IND,Sat Jan 06 2024 7:00 PM EST,IND,BOS,,",",34.92857142857143,27.142857142857142,1.286842105263158,9.671164799104012,3.61161991902024,11.9,2.1,6.8,0.6,0.8,25.9,FC
1012325028 + Jabari Smith Jr.,1012325028,FC,PF,Jabari Smith Jr.,28.45,32,4700,MIL@HOU,Sat Jan 06 2024 8:00 PM EST,HOU,MIL,,",",29.557142857142857,30.142857142857142,0.9805687203791469,13.167075154789242,2.244776650066593,13.3,2.5,5.7,0.7,0.6,26.5,FC
121745007 + Brook Lopez,121745007,FC,C,Brook Lopez,30.49,35,4900,HOU@MIL,Sat Jan 06 2024 8:00 PM EST,MIL,HOU,,",",28.846153846153847,32.53846153846154,0.8865248226950354,9.153652766757048,3.151327080148076,13.4,2.2,7.6,0.6,1.2,29.2,FC
423835001 + Daniel Gafford,423835001,FC,C,Daniel Gafford,29.42,31,5100,NY@WAS,Sat Jan 06 2024 7:00 PM EST,WAS,NYK,,",",30.56923076923077,25.692307692307693,1.1898203592814371,14.509961211491033,2.1067754988222673,13.2,1.9,7,0.7,1.1,27.8,FC
114755046 + Khris Middleton,114755046,FC,SF,Khris Middleton,27.68,30,4900,HOU@MIL,Sat Jan 06 2024 8:00 PM EST,MIL,HOU,,"undisclosed,",33.6,29.5,1.1389830508474577,7.184452911416682,4.676765289477625,12.4,2.4,4.2,0.8,0.4,23,FC
173165001 + Derrick White,173165001,G,PG,Derrick White,34.56,31,5400,IND@BOS,Sat Jan 06 2024 7:00 PM EST,BOS,IND,,",",39.73571428571429,31.571428571428573,1.2585972850678733,9.02523020314608,4.402736926517722,14.4,4.3,3.4,0.7,0.4,26.1,G
175715001 + OG Anunoby,175715001,FC,SF,OG Anunoby,25.95,30,5100,WAS@NY,Sat Jan 06 2024 7:00 PM EST,NYK,WAS,,",",24.584615384615386,34.76923076923077,0.7070796460176992,9.092748590117122,2.703760600104607,13.4,2.7,4.7,0.8,0.4,25,FC
119755041 + Evan Fournier,119755041,G,SG,Evan Fournier,14.55,2,3000,WAS@NY,Sat Jan 06 2024 7:00 PM EST,NYK,WAS,,",",21.9,17,1.288235294117647,NA,NA,14.8,4,4,1.1,0.5,28.3,G
119755042 + Jrue Holiday,119755042,G,PG,Jrue Holiday,30.5,31,5700,IND@BOS,Sat Jan 06 2024 7:00 PM EST,BOS,IND,,",",30.392307692307693,32.92307692307692,0.9231308411214955,8.874726431319967,3.4245909355638973,14.4,4.3,3.4,0.7,0.4,26.1,G
137365003 + Tyus Jones,137365003,G,PG,Tyus Jones,27.27,34,5000,NY@WAS,Sat Jan 06 2024 7:00 PM EST,WAS,NYK,,",",31.15,28.071428571428573,1.1096692111959285,12.451552266531023,2.5016961205495005,14,4.5,3,0.9,0.4,26.3,G
665035038 + Jalen Green,665035038,G,SG,Jalen Green,27.69,33,5100,MIL@HOU,Sat Jan 06 2024 8:00 PM EST,HOU,MIL,,",",25.813333333333333,28,0.9219047619047619,9.071688035284492,2.8454829170637166,15.3,3.4,4,0.8,0.3,26.9,G
1000465007 + Walker Kessler,1000465007,FC,C,Walker Kessler,27.84,28,5100,PHI@UTA,Sat Jan 06 2024 7:30 PM EST,UTA,PHI,,",",30.142857142857142,24.428571428571427,1.2339181286549707,12.059322234157802,2.499548196620708,12.3,2.2,7.2,0.5,1.2,27.6,FC
463955001 + Deni Avdija,463955001,FC,SF,Deni Avdija,26.26,34,5200,NY@WAS,Sat Jan 06 2024 7:00 PM EST,WAS,NYK,,",",26.685714285714287,26.428571428571427,1.0097297297297299,10.06630763738867,2.6509933182050958,14.2,2.8,3.8,0.7,0.4,24.4,FC
140245001 + Kelly Oubre,140245001,FC,SF,Kelly Oubre,23.26,23,4900,UTA@PHI,Sat Jan 06 2024 7:30 PM EST,PHI,UTA,,",",NA,NA,NA,NA,NA,13.8,2.6,4.2,1,0.5,25.8,FC
117765040 + Danilo Gallinari,117765040,FC,PF,Danilo Gallinari,12.72,26,3900,NY@WAS,Sat Jan 06 2024 7:00 PM EST,WAS,NYK,,",",7.7125,12.125,0.6360824742268042,4.5170905617285495,1.7074043335205278,14.1,2.6,5.1,0.8,0.7,26.6,FC
193935001 + Collin Sexton,193935001,G,SG,Collin Sexton,25.02,36,5600,PHI@UTA,Sat Jan 06 2024 7:30 PM EST,UTA,PHI,,",",32.026666666666664,27.4,1.1688564476885643,7.263358792761165,4.409346637066201,13.1,3.1,3.7,0.7,0.5,23.9,G
119885001 + Jordan Clarkson,119885001,G,PG,Jordan Clarkson,28.4,26,5400,PHI@UTA,Sat Jan 06 2024 7:30 PM EST,UTA,PHI,,",",28.477777777777778,26,1.0952991452991454,15.451923648673793,1.8429923953333776,13.4,4.1,3.2,0.8,0.4,25.2,G
405755001 + Jordan Poole,405755001,G,SG,Jordan Poole,25.66,33,5500,NY@WAS,Sat Jan 06 2024 7:00 PM EST,WAS,NYK,,",",23.864285714285714,27.642857142857142,0.8633074935400517,12.307009081311044,1.939080856820453,14.8,3.4,3.5,0.8,0.4,25.9,G
159875006 + Josh Hart,159875006,G,SG,Josh Hart,20.99,35,4600,WAS@NY,Sat Jan 06 2024 7:00 PM EST,NYK,WAS,,",",19.72,27.4,0.7197080291970803,11.098854509748806,1.7767599334398618,14.8,4,4,1.1,0.5,28.3,G
465835003 + Jalen Smith,465835003,FC,PF,Jalen Smith,18.89,22,3900,BOS@IND,Sat Jan 06 2024 7:00 PM EST,IND,BOS,,",",19.4625,17.375,1.1201438848920862,7.211882555893434,2.6986712344747708,12.5,2.5,5.5,0.7,0.5,24.7,FC
200735001 + Donte DiVincenzo,200735001,G,SG,Donte DiVincenzo,19.89,35,4300,WAS@NY,Sat Jan 06 2024 7:00 PM EST,NYK,WAS,,",",23.753333333333334,22,1.0796969696969698,13.562546466894286,1.7513918489654146,14.8,4,4,1.1,0.5,28.3,G
1735355551 + Bilal Coulibaly,1735355551,FC,SF,Bilal Coulibaly,19.49,33,4800,NY@WAS,Sat Jan 06 2024 7:00 PM EST,WAS,NYK,,",",20.321428571428573,26.5,0.7668463611859839,8.409168857807582,2.4165799159284247,14.2,2.8,3.8,0.7,0.4,24.4,FC
171395002 + John Collins,171395002,FC,PF,John Collins,26.82,32,5500,PHI@UTA,Sat Jan 06 2024 7:30 PM EST,UTA,PHI,,",",24.536363636363635,23.545454545454547,1.042084942084942,11.511148746087224,2.1315304126101084,13.3,2.6,5.7,0.6,0.9,26.5,FC
138205001 + Bobby Portis,138205001,FC,PF,Bobby Portis,24.47,35,4800,HOU@MIL,Sat Jan 06 2024 8:00 PM EST,MIL,HOU,,",",23.99230769230769,23.153846153846153,1.0362126245847176,10.165584221484892,2.360150402531722,11.6,2.1,5.2,0.8,0.7,23.4,FC
159845009 + Buddy Hield,159845009,G,SG,Buddy Hield,22.63,34,5300,BOS@IND,Sat Jan 06 2024 7:00 PM EST,IND,BOS,,",",21.893333333333334,25.933333333333334,0.844215938303342,12.131568422135382,1.8046581094482834,12.8,2.8,3.8,0.8,0.3,23,G
616055013 + Aaron Nesmith,616055013,FC,SF,Aaron Nesmith,21.42,32,4300,BOS@IND,Sat Jan 06 2024 7:00 PM EST,IND,BOS,,",",22.82,26.133333333333333,0.8732142857142857,8.243369630020412,2.7682854250396502,11.5,2.3,4.2,0.7,0.3,21.5,FC
612105032 + Obi Toppin,612105032,FC,PF,Obi Toppin,20.82,34,4300,BOS@IND,Sat Jan 06 2024 7:00 PM EST,IND,BOS,,",",20.386666666666667,22.133333333333333,0.9210843373493977,8.49309523475786,2.4003812630328873,12.5,2.5,5.5,0.7,0.5,24.7,FC
140305001 + T.J. McConnell,140305001,G,PG,T.J. McConnell,20.43,26,4700,BOS@IND,Sat Jan 06 2024 7:00 PM EST,IND,BOS,,",",21.869230769230768,16,1.366826923076923,11.476089971137426,1.9056343078724791,14.9,3.8,3.8,0.9,0.2,26.5,G
120835020 + Kelly Olynyk,120835020,FC,PF,Kelly Olynyk,22.74,34,4600,PHI@UTA,Sat Jan 06 2024 7:30 PM EST,UTA,PHI,,",",25.386666666666667,21.866666666666667,1.1609756097560975,10.709266125761419,2.3705328048201526,13.3,2.6,5.7,0.6,0.9,26.5,FC
1025845007 + Bennedict Mathurin,1025845007,FC,SF,Bennedict Mathurin,22.27,34,4700,BOS@IND,Sat Jan 06 2024 7:00 PM EST,IND,BOS,,",",23.206666666666667,25.066666666666666,0.9257978723404255,13.171531349666147,1.7618806842269616,11.5,2.3,4.2,0.7,0.3,21.5,FC
1015355010 + Simone Fontecchio,1015355010,FC,SF,Simone Fontecchio,16.79,34,4300,PHI@UTA,Sat Jan 06 2024 7:30 PM EST,UTA,PHI,,",",21.266666666666666,26.333333333333332,0.8075949367088607,11.677430408800602,1.8211769132564655,12.7,2.4,4.6,0.7,0.6,23.8,FC
122725007 + Al Horford,122725007,FC,C,Al Horford,23.69,28,4400,IND@BOS,Sat Jan 06 2024 7:00 PM EST,BOS,IND,,"rest,",25.16,25.7,0.9789883268482491,7.344567153118464,3.425661373293755,15.1,2.3,7.3,0.8,1.1,31.1,FC
1748995399 + Keyonte George,1748995399,G,SG,Keyonte George,20.75,30,5200,PHI@UTA,Sat Jan 06 2024 7:30 PM EST,UTA,PHI,,",",19.18888888888889,22.77777777777778,0.8424390243902439,12.539183032044436,1.530314123324529,13.1,3.1,3.7,0.7,0.5,23.9,G
603055009 + Jae'sean Tate,603055009,FC,SF,Jae'sean Tate,12.93,31,3700,MIL@HOU,Sat Jan 06 2024 8:00 PM EST,HOU,MIL,,",",NA,NA,NA,NA,NA,13,2.6,4.6,0.8,0.4,24.5,FC
188515002 + Sviatoslav Mykhailiuk,188515002,G,SG,Sviatoslav Mykhailiuk,4.13,14,3000,IND@BOS,Sat Jan 06 2024 7:00 PM EST,BOS,IND,,",",NA,NA,NA,NA,NA,15.1,3,3.7,0.8,0.5,25.9,G
157075010 + Malik Beasley,157075010,G,SG,Malik Beasley,20.21,33,3900,HOU@MIL,Sat Jan 06 2024 8:00 PM EST,MIL,HOU,,",",17.818181818181817,29.636363636363637,0.6012269938650306,7.544245248110401,2.3618243087530484,13.2,2.9,3.8,0.9,0.4,24,G
157065009 + Kris Dunn,157065009,G,PG,Kris Dunn,15.72,28,4300,PHI@UTA,Sat Jan 06 2024 7:30 PM EST,UTA,PHI,,",",21.914285714285715,21.714285714285715,1.0092105263157893,9.200656928289844,2.3818175033680986,13.4,4.1,3.2,0.8,0.4,25.2,G
1758495320 + Amen Thompson,1758495320,G,PG,Amen Thompson,13.73,14,4300,MIL@HOU,Sat Jan 06 2024 8:00 PM EST,HOU,MIL,,",",14.3,15.2,0.9407894736842106,8.1510735489259325,1.7543701347026015,16.8,4.8,4,0.9,0.3,30.5,G
1762235329 + Cam Whitmore,1762235329,FC,SF,Cam Whitmore,11.92,10,3500,MIL@HOU,Sat Jan 06 2024 8:00 PM EST,HOU,MIL,,",",17.22,13.6,1.2661764705882352,4.178755795688473,4.120843820968703,13,2.6,4.6,0.8,0.4,24.5,FC
708675007 + Isaiah Jackson,708675007,FC,PF,Isaiah Jackson,18.63,26,3800,BOS@IND,Sat Jan 06 2024 7:00 PM EST,IND,BOS,,",",19.24,14.733333333333333,1.3058823529411765,11.665014849050618,1.6493763830541448,12.5,2.5,5.5,0.7,0.5,24.7,FC
140235001 + Delon Wright,140235001,G,PG,Delon Wright,17.02,13,3600,NY@WAS,Sat Jan 06 2024 7:00 PM EST,WAS,NYK,,",",14.64,16,0.915,7.745514831178105,1.8901261335230357,14,4.5,3,0.9,0.4,26.3,G
598235031 + Payton Pritchard,598235031,G,PG,Payton Pritchard,16.55,34,3700,IND@BOS,Sat Jan 06 2024 7:00 PM EST,BOS,IND,,",",19.164285714285715,20.571428571428573,0.9315972222222222,7.391326220422374,2.5928074533274463,14.4,4.3,3.4,0.7,0.4,26.1,G
612105034 + Paul Reed,612105034,FC,PF,Paul Reed,15.22,34,4500,UTA@PHI,Sat Jan 06 2024 7:30 PM EST,PHI,UTA,,",",16.985714285714288,15.071428571428571,1.1270142180094789,11.43401518700685,1.4855423932807228,14.7,2.4,5.6,0.9,0.7,28,FC
463945004 + Precious Achiuwa,463945004,FC,PF,Precious Achiuwa,17.7,28,4000,WAS@NY,Sat Jan 06 2024 7:00 PM EST,NYK,WAS,,",",16.246153846153845,15.076923076923077,1.0775510204081633,8.112091323513662,2.0027084506633743,14,2.5,6.2,0.7,0.5,27.1,FC
117785013 + Nicolas Batum,117785013,FC,SF,Nicolas Batum,15.72,23,3700,UTA@PHI,Sat Jan 06 2024 7:30 PM EST,PHI,UTA,,",",13.7,21.77777777777778,0.6290816326530612,4.579028281196787,2.991901154281434,13.8,2.6,4.2,1,0.5,25.8,FC
665285027 + Jaden Springer,665285027,G,PG,Jaden Springer,8.18,21,3100,UTA@PHI,Sat Jan 06 2024 7:30 PM EST,PHI,UTA,,",",7.6899999999999995,7.6,1.0118421052631579,7.796787087569398,0.9863037060817459,13,4.6,3.4,1,0.3,25.9,G
724775023 + Corey Kispert,724775023,FC,SF,Corey Kispert,16.86,33,4100,NY@WAS,Sat Jan 06 2024 7:00 PM EST,WAS,NYK,,",",16.857142857142858,20.928571428571427,0.8054607508532424,5.435030859117585,3.1015726118397295,14.2,2.8,3.8,0.7,0.4,24.4,FC
713445022 + Sam Hauser,713445022,FC,SF,Sam Hauser,15.89,34,4100,IND@BOS,Sat Jan 06 2024 7:00 PM EST,BOS,IND,,",",13.878571428571428,21,0.6608843537414966,8.514438286854826,1.6300043480258843,14.4,2.3,4.3,0.9,0.5,25.2,FC
138215001 + Pat Connaughton,138215001,G,SG,Pat Connaughton,13.7,29,3600,HOU@MIL,Sat Jan 06 2024 8:00 PM EST,MIL,HOU,,",",13.32,19.9,0.6693467336683417,4.962033633277568,2.684383255822825,13.2,2.9,3.8,0.9,0.4,24,G
117785014 + Patrick Beverley,117785014,G,PG,Patrick Beverley,12.89,33,3700,UTA@PHI,Sat Jan 06 2024 7:30 PM EST,PHI,UTA,,",",11.384615384615385,14.923076923076923,0.7628865979381444,5.995532524839662,1.8988497414447505,13,4.6,3.4,1,0.3,25.9,G
113835028 + Marcus Morris,113835028,FC,PF,Marcus Morris,11.37,26,3400,UTA@PHI,Sat Jan 06 2024 7:30 PM EST,PHI,UTA,,",",NA,NA,NA,NA,NA,14.7,2.4,5.6,0.9,0.7,28,FC
159865011 + Luke Kornet,159865011,FC,C,Luke Kornet,14.23,21,3200,IND@BOS,Sat Jan 06 2024 7:00 PM EST,BOS,IND,,",",17.7,15.333333333333332,1.1543478260869566,13.892875872187156,1.2740342721577549,15.1,2.3,7.3,0.8,1.1,31.1,FC
122725008 + Mike Muscala,122725008,FC,C,Mike Muscala,10.37,21,4300,NY@WAS,Sat Jan 06 2024 7:00 PM EST,WAS,NYK,,",",11.76923076923077,16.307692307692307,0.7216981132075473,7.950721625046017,1.4802720211151466,13.2,1.9,7,0.7,1.1,27.8,FC
707385008 + Neemias Queta,707385008,FC,C,Neemias Queta,13.24,13,3300,IND@BOS,Sat Jan 06 2024 7:00 PM EST,BOS,IND,,"2-way,",13.92,14.1,0.9872340425531915,9.884533372901322,1.408260711442586,15.1,2.3,7.3,0.8,1.1,31.1,FC
195705002 + Aaron Holiday,195705002,G,PG,Aaron Holiday,12.66,31,3300,MIL@HOU,Sat Jan 06 2024 8:00 PM EST,HOU,MIL,,",",10.86,16.933333333333334,0.6413385826771653,4.523873182509493,2.4005977979196396,16.8,4.8,4,0.9,0.3,30.5,G
448135005 + Malachi Flynn,448135005,G,PG,Malachi Flynn,11.83,32,3400,WAS@NY,Sat Jan 06 2024 7:00 PM EST,NYK,WAS,,",",11.345454545454546,12,0.9454545454545454,5.858560170615924,1.9365602153168244,16,5.8,3.8,1.2,0.4,31.6,G
726425007 + Quentin Grimes,726425007,G,SG,Quentin Grimes,11.69,32,3800,WAS@NY,Sat Jan 06 2024 7:00 PM EST,NYK,WAS,,",",13.142857142857142,16.785714285714285,0.7829787234042553,8.179685369698076,1.6067680538844815,14.8,4,4,1.1,0.5,28.3,G
113835021 + Jeff Green,113835021,FC,PF,Jeff Green,10.89,32,3400,MIL@HOU,Sat Jan 06 2024 8:00 PM EST,HOU,MIL,,",",11.226666666666667,16.533333333333335,0.6790322580645161,7.090684700634314,1.583297966367389,13.3,2.5,5.7,0.7,0.6,26.5,FC
159865010 + Danuel House Jr.,159865010,FC,SF,Danuel House Jr.,6.45,22,3100,UTA@PHI,Sat Jan 06 2024 7:30 PM EST,PHI,UTA,,",",5.708333333333333,11.666666666666666,0.48928571428571427,4.98970910672125,1.1440212668197591,13.8,2.6,4.2,1,0.5,25.8,FC
426015001 + Talen Horton-Tucker,426015001,FC,SF,Talen Horton-Tucker,22.44,30,5100,PHI@UTA,Sat Jan 06 2024 7:30 PM EST,UTA,PHI,,",",26.07777777777778,21.555555555555557,1.2097938144329896,13.18083625740205,1.978461553464266,12.7,2.4,4.6,0.7,0.6,23.8,FC
119755037 + Taj Gibson,119755037,FC,C,Taj Gibson,6.16,10,3100,WAS@NY,Sat Jan 06 2024 7:00 PM EST,NYK,WAS,,",",6.16,9.2,0.6695652173913044,5.201110992428018,1.1843623427702217,14.5,2.2,8.5,0.6,1,31.1,FC
121735013 + Robin Lopez,121735013,FC,C,Robin Lopez,1.71,9,3000,HOU@MIL,Sat Jan 06 2024 8:00 PM EST,MIL,HOU,,",",2.175,2.25,0.9666666666666666,1.980530232033836,1.0981907596363525,13.4,2.2,7.6,0.6,1.2,29.2,FC
1023935007 + Ochai Agbaji,1023935007,FC,SF,Ochai Agbaji,13.27,36,3900,PHI@UTA,Sat Jan 06 2024 7:30 PM EST,UTA,PHI,,",",12.613333333333333,20.8,0.6064102564102564,7.069741020379608,1.784129474753527,12.7,2.4,4.6,0.7,0.6,23.8,FC
143715004 + Cameron Payne,143715004,G,PG,Cameron Payne,11.62,35,3700,HOU@MIL,Sat Jan 06 2024 8:00 PM EST,MIL,HOU,,",",10.515384615384615,13.076923076923077,0.8041176470588235,9.706170387425907,1.0833711129785053,14.8,4.3,3.7,0.9,0.3,27.5,G
177665002 + Omer Yurtseven,177665002,FC,C,Omer Yurtseven,11.07,21,3200,PHI@UTA,Sat Jan 06 2024 7:30 PM EST,UTA,PHI,,",",6.166666666666667,8.666666666666666,0.7115384615384617,6.119368159104882,1.0077293122969584,12.3,2.2,7.2,0.5,1.2,27.6,FC
143845001 + Boban Marjanovic,143845001,FC,C,Boban Marjanovic,7.08,5,3200,MIL@HOU,Sat Jan 06 2024 8:00 PM EST,HOU,MIL,,",",4.15,5,0.8300000000000001,2.0506096654409873,2.023788373740809,12.7,2.5,7.5,0.6,1,28.6,FC
194935001 + Mohamed Bamba,194935001,FC,C,Mohamed Bamba,9.73,21,3000,UTA@PHI,Sat Jan 06 2024 7:30 PM EST,PHI,UTA,,",",NA,NA,NA,NA,NA,12,2.3,7,0.7,1.4,28.3,FC
728595010 + Miles McBride,728595010,G,PG,Miles McBride,4.44,22,3000,WAS@NY,Sat Jan 06 2024 7:00 PM EST,NYK,WAS,,",",6.177777777777778,7.888888888888889,0.7830985915492957,7.437536181051118,0.8306215428594658,16,5.8,3.8,1.2,0.4,31.6,G
156345001 + Ryan Arcidiacono,156345001,G,PG,Ryan Arcidiacono,1.09,13,3100,WAS@NY,Sat Jan 06 2024 7:00 PM EST,NYK,WAS,,"Exhibit 10,",0.9428571428571428,1.5714285714285714,0.6,1.2778329870750493,0.7378563179960913,16,5.8,3.8,1.2,0.4,31.6,G
1008315014 + MarJon Beauchamp,1008315014,G,SG,MarJon Beauchamp,9.69,30,3600,HOU@MIL,Sat Jan 06 2024 8:00 PM EST,MIL,HOU,,",",NA,NA,NA,NA,NA,13.2,2.9,3.8,0.9,0.4,24,G
718695037 + Jared Butler,718695037,G,PG,Jared Butler,8.92,16,3500,NY@WAS,Sat Jan 06 2024 7:00 PM EST,WAS,NYK,,"2-way,",11.174999999999999,8.875,1.2591549295774647,6.7894350701239174,1.6459395935862509,14,4.5,3,0.9,0.4,26.3,G
439785001 + Luka Samanic,439785001,FC,PF,Luka Samanic,6.33,16,3200,PHI@UTA,Sat Jan 06 2024 7:30 PM EST,UTA,PHI,,",",8.216666666666667,7.5,1.0955555555555556,7.579028081928887,1.0841319728393854,13.3,2.6,5.7,0.6,0.9,26.5,FC
716165023 + Eugene Omoruyi,716165023,FC,SF,Eugene Omoruyi,8.19,18,3200,NY@WAS,Sat Jan 06 2024 7:00 PM EST,WAS,NYK,,"2-way,",5.6,3.857142857142857,1.4518518518518517,5.774945887192364,0.969706056020307,14.2,2.8,3.8,0.7,0.4,24.4,FC
121745015 + Robert Covington,121745015,FC,PF,Robert Covington,14.48,29,3700,UTA@PHI,Sat Jan 06 2024 7:30 PM EST,PHI,UTA,Q,"knee,",10.6,13.777777777777779,0.7693548387096774,5.7008771254956905,1.8593630009309017,14.7,2.4,5.6,0.9,0.7,28,FC
592805034 + Lamar Stevens,592805034,FC,SF,Lamar Stevens,6.48,13,3000,IND@BOS,Sat Jan 06 2024 7:00 PM EST,BOS,IND,,",",8.942857142857143,7.142857142857143,1.252,6.663296767331004,1.3421069862447716,14.4,2.3,4.3,0.9,0.5,25.2,FC
739805066 + Dalano Banton,739805066,G,PG,Dalano Banton,6.13,16,3200,IND@BOS,Sat Jan 06 2024 7:00 PM EST,BOS,IND,,",",3.75,3.833333333333333,0.9782608695652175,3.494424129953318,1.0731381940320153,14.4,4.3,3.4,0.7,0.4,26.1,G
743325061 + Jock Landale,743325061,FC,C,Jock Landale,5.86,21,3300,MIL@HOU,Sat Jan 06 2024 8:00 PM EST,HOU,MIL,,",",6.0625,8.375,0.7238805970149254,5.027620141350606,1.2058389117622135,12.7,2.5,7.5,0.6,1,28.6,FC
593125020 + Anthony Gill,593125020,FC,PF,Anthony Gill,5.44,22,3000,NY@WAS,Sat Jan 06 2024 7:00 PM EST,WAS,NYK,,",",5.190909090909091,6,0.8651515151515152,5.056570882614927,1.0265670572830363,14.1,2.6,5.1,0.8,0.7,26.6,FC
1023905007 + Johnny Davis,1023905007,G,SG,Johnny Davis,5.41,17,3600,NY@WAS,Sat Jan 06 2024 7:00 PM EST,WAS,NYK,,",",1.0666666666666667,5.666666666666667,0.18823529411764706,1.0066445913694333,1.059625885652035,14.8,3.4,3.5,0.8,0.4,25.9,G
1007045009 + AJ Green,1007045009,G,PG,AJ Green,4.89,21,3000,HOU@MIL,Sat Jan 06 2024 8:00 PM EST,MIL,HOU,,",",5.485714285714285,5.714285714285714,0.9599999999999999,8.661491128635333,0.6333452524794758,14.8,4.3,3.7,0.9,0.3,27.5,G
113835012 + Reggie Bullock,113835012,FC,SF,Reggie Bullock,4.43,15,3000,MIL@HOU,Sat Jan 06 2024 8:00 PM EST,HOU,MIL,,",",NA,NA,NA,NA,NA,13,2.6,4.6,0.8,0.4,24.5,FC
617785007 + Kenyon Martin Jr.,617785007,FC,SF,Kenyon Martin Jr.,4.2,22,3200,UTA@PHI,Sat Jan 06 2024 7:30 PM EST,PHI,UTA,,",",NA,NA,NA,NA,NA,13.8,2.6,4.2,1,0.5,25.8,FC
115875001 + Thanasis Antetokounmpo,115875001,FC,SF,Thanasis Antetokounmpo,2.14,14,3000,HOU@MIL,Sat Jan 06 2024 8:00 PM EST,MIL,HOU,,",",0.88,1.6,0.5499999999999999,1.5006665185843255,0.5864060996244257,12.4,2.4,4.2,0.8,0.4,23,FC
467775003 + Jordan Nwora,467775003,FC,SF,Jordan Nwora,9.74,13,3100,BOS@IND,Sat Jan 06 2024 7:00 PM EST,IND,BOS,,",",7.325,6.75,1.0851851851851853,4.97558323932266,1.4721892183633076,11.5,2.3,4.2,0.7,0.3,21.5,FC
422075001 + Oshae Brissett,422075001,FC,SF,Oshae Brissett,8.29,18,3000,IND@BOS,Sat Jan 06 2024 7:00 PM EST,BOS,IND,,",",9.76,11.4,0.856140350877193,6.592790675342945,1.480404957570157,14.4,2.3,4.3,0.9,0.5,25.2,FC
1751355259 + Jarace Walker,1751355259,FC,PF,Jarace Walker,7.47,11,3600,BOS@IND,Sat Jan 06 2024 7:00 PM EST,IND,BOS,,",",7.333333333333333,9.5,0.7719298245614035,5.51349858680191,1.3300689603671436,12.5,2.5,5.5,0.7,0.5,24.7,FC
731855020 + Jericho Sims,731855020,FC,C,Jericho Sims,3.81,16,3400,WAS@NY,Sat Jan 06 2024 7:00 PM EST,NYK,WAS,,",",6.214285714285714,11.142857142857142,0.5576923076923077,5.727253143648234,1.0850377237432958,14.5,2.2,8.5,0.6,1,31.1,FC
1756885116 + Andre Jackson Jr.,1756885116,G,SG,Andre Jackson Jr.,5.81,29,3100,HOU@MIL,Sat Jan 06 2024 8:00 PM EST,MIL,HOU,,",",6.191666666666667,10.75,0.5759689922480621,7.815655423377473,0.7922133629569595,13.2,2.9,3.8,0.9,0.4,24,G
1765716458 + Ben Sheppard,1765716458,FC,SF,Ben Sheppard,4.99,15,3200,BOS@IND,Sat Jan 06 2024 7:00 PM EST,IND,BOS,,",",6.633333333333334,6.5,1.0205128205128207,6.4698274062502374,1.0252720693793376,11.5,2.3,4.2,0.7,0.3,21.5,FC
117765027 + James Johnson,117765027,FC,PF,James Johnson,6.08,4,3000,BOS@IND,Sat Jan 06 2024 7:00 PM EST,IND,BOS,,",",6.075,5.5,1.1045454545454545,3.6998873856736054,1.6419418665343997,12.5,2.5,5.5,0.7,0.5,24.7,FC
414215001 + Lindell Wigginton,414215001,G,PG,Lindell Wigginton,1.67,3,3000,HOU@MIL,Sat Jan 06 2024 8:00 PM EST,MIL,HOU,,"2-way,",3,2,1.5,4.242640687119285,0.7071067811865476,14.8,4.3,3.7,0.9,0.3,27.5,G
113835025 + Tobias Harris,113835025,FC,PF,Tobias Harris,31.15,34,5200,UTA@PHI,Sat Jan 06 2024 7:30 PM EST,PHI,UTA,D2D,"ankle,",32.642857142857146,31,1.0529953917050692,11.874453139519199,2.7489987757178405,14.7,2.4,5.6,0.9,0.7,28,FC
188495002 + De'Anthony Melton,188495002,G,PG,De'Anthony Melton,26.31,31,4800,UTA@PHI,Sat Jan 06 2024 7:30 PM EST,PHI,UTA,D2D,"back,",25.254545454545454,27.818181818181817,0.907843137254902,9.484341161763808,2.6627622334337087,13,4.6,3.4,1,0.3,25.9,G
210665001 + Mitchell Robinson,210665001,FC,C,Mitchell Robinson,26.22,21,3000,WAS@NY,Sat Jan 06 2024 7:00 PM EST,NYK,WAS,OFS,"ankle,",24.1,18,1.338888888888889,NA,NA,14.5,2.2,8.5,0.6,1,31.1,FC
998915014 + Tari Eason,998915014,FC,PF,Tari Eason,25.16,22,4500,MIL@HOU,Sat Jan 06 2024 8:00 PM EST,HOU,MIL,D2D,"leg,",30.327272727272728,24.818181818181817,1.221978021978022,9.379561920376762,3.2333357340909297,13.3,2.5,5.7,0.7,0.6,26.5,FC
196725001 + Bruce Brown,196725001,G,SG,Bruce Brown,23.38,29,4800,BOS@IND,Sat Jan 06 2024 7:00 PM EST,IND,BOS,D2D,"knee,",21.21,26.6,0.7973684210526316,7.221641857023312,2.9370052433952396,12.8,2.8,3.8,0.8,0.3,23,G
157935007 + Dillon Brooks,157935007,FC,SF,Dillon Brooks,21.06,28,4600,MIL@HOU,Sat Jan 06 2024 8:00 PM EST,HOU,MIL,W2W,"oblique,",20.79,29.9,0.6953177257525084,8.828545872465194,2.3548611855595207,13,2.6,4.6,0.8,0.4,24.5,FC
119755035 + Jae Crowder,119755035,FC,PF,Jae Crowder,17.78,9,3500,HOU@MIL,Sat Jan 06 2024 8:00 PM EST,MIL,HOU,IND,"groin,",NA,NA,NA,NA,NA,11.6,2.1,5.2,0.8,0.7,23.4,FC
1005455007 + Andrew Nembhard,1005455007,G,PG,Andrew Nembhard,16.47,23,4300,BOS@IND,Sat Jan 06 2024 7:00 PM EST,IND,BOS,D2D,"back,",16.84285714285714,23.285714285714285,0.7233128834355828,9.164034254056661,1.8379304000747576,14.9,3.8,3.8,0.9,0.2,26.5,G
214665002 + Landry Shamet,214665002,G,SG,Landry Shamet,12.4,21,3700,NY@WAS,Sat Jan 06 2024 7:00 PM EST,WAS,NYK,D2D,"hamstring,",9.616666666666667,13.333333333333334,0.7212500000000001,8.267143803434575,1.1632393115832138,14.8,3.4,3.5,0.8,0.4,25.9,G
1012315011 + Kenneth Lofton Jr.,1012315011,FC,PF,Kenneth Lofton Jr.,5.56,16,4000,UTA@PHI,Sat Jan 06 2024 7:30 PM EST,PHI,UTA,,"G League/2-way,",5.449999999999999,3.5,1.557142857142857,7.14177848998413,0.7631152391023136,14.7,2.4,5.6,0.9,0.7,28,FC
157935008 + Furkan Korkmaz,157935008,G,SG,Furkan Korkmaz,4.05,21,3200,UTA@PHI,Sat Jan 06 2024 7:30 PM EST,PHI,UTA,D2D,"illness,",2.7,4.857142857142857,0.5558823529411766,2.588435821108957,1.0431010025364453,14.2,3.8,3.6,1,0.4,26.7,G
1776215419 + Chris Livingston,1776215419,FC,SF,Chris Livingston,2.93,8,3000,HOU@MIL,Sat Jan 06 2024 8:00 PM EST,MIL,HOU,,"G League,",2.6,2.2,1.1818181818181817,2.5951878544721962,1.0018542571087912,12.4,2.4,4.2,0.8,0.4,23,FC
2169955983 + Jacob Toppin,2169955983,FC,SF,Jacob Toppin,1.5,3,3000,WAS@NY,Sat Jan 06 2024 7:00 PM EST,NYK,WAS,,"G League/2-way,",0.75,0.5,1.5,1.0606601717798212,0.7071067811865476,13.4,2.7,4.7,0.8,0.4,25,FC
431915001 + Charlie Brown Jr.,431915001,G,SG,Charlie Brown Jr.,0.33,3,3000,WAS@NY,Sat Jan 06 2024 7:00 PM EST,NYK,WAS,,"G League/2-way,",NA,NA,NA,NA,NA,14.8,4,4,1.1,0.5,28.3,G
2165445098 + Ricky Council IV,2165445098,G,SG,Ricky Council IV,0.0,1,3000,UTA@PHI,Sat Jan 06 2024 7:30 PM EST,PHI,UTA,,"2-way,",0,6,0,NA,NA,14.2,3.8,3.6,1,0.4,26.7,G
122725027 + Victor Oladipo,122725027,G,SG,Victor Oladipo,0.0,0,4600,MIL@HOU,Sat Jan 06 2024 8:00 PM EST,HOU,MIL,W2W,"knee,",NA,NA,NA,NA,NA,15.3,3.4,4,0.8,0.3,26.9,G
1766185076 + Terquavion Smith,1766185076,G,SG,Terquavion Smith,0.0,0,3000,UTA@PHI,Sat Jan 06 2024 7:30 PM EST,PHI,UTA,,"2-way,",NA,NA,NA,NA,NA,14.2,3.8,3.6,1,0.4,26.7,G
208675001 + Luka Doncic,208675001,G,PG,Luka Doncic,58.62,32,0,No game,,DAL,,Q,"ankle,",NA,NA,NA,NA,NA,NA,NA,NA,NA,NA,NA,G
120975001 + Nikola Jokic,120975001,FC,C,Nikola Jokic,56.81,35,0,No game,,DEN,,,",",NA,NA,NA,NA,NA,NA,NA,NA,NA,NA,NA,FC
117765042 + Anthony Davis,117765042,FC,PF,Anthony Davis,54.69,33,0,No game,,LAL,,,",",NA,NA,NA,NA,NA,NA,NA,NA,NA,NA,NA,FC
193945001 + Shai Gilgeous-Alexander,193945001,G,SG,Shai Gilgeous-Alexander,54.65,33,0,No game,,OKC,,,",",NA,NA,NA,NA,NA,NA,NA,NA,NA,NA,NA,G
113825014 + Kevin Durant,113825014,FC,SF,Kevin Durant,48.68,28,0,No game,,PHO,,Q,"hamstring,",NA,NA,NA,NA,NA,NA,NA,NA,NA,NA,NA,FC
198695001 + Trae Young,198695001,G,PG,Trae Young,47.86,32,0,No game,,ATL,,,",",NA,NA,NA,NA,NA,NA,NA,NA,NA,NA,NA,G
120825006 + LeBron James,120825006,FC,SF,LeBron James,47.34,32,0,No game,,LAL,,,",",NA,NA,NA,NA,NA,NA,NA,NA,NA,NA,NA,FC
161035007 + Domantas Sabonis,161035007,FC,PF,Domantas Sabonis,47.14,33,0,No game,,SAC,,,",",NA,NA,NA,NA,NA,NA,NA,NA,NA,NA,NA,FC
175715002 + De'Aaron Fox,175715002,G,PG,De'Aaron Fox,46.5,27,0,No game,,SAC,,,",",NA,NA,NA,NA,NA,NA,NA,NA,NA,NA,NA,G
175715006 + Donovan Mitchell,175715006,G,SG,Donovan Mitchell,46.08,26,0,No game,,CLE,,,",",NA,NA,NA,NA,NA,NA,NA,NA,NA,NA,NA,G
731495026 + Scottie Barnes,731495026,FC,PF,Scottie Barnes,45.8,34,0,No game,,TOR,,,",",NA,NA,NA,NA,NA,NA,NA,NA,NA,NA,NA,FC
1744575464 + Victor Wembanyama,1744575464,FC,C,Victor Wembanyama,44.94,30,0,No game,,SA,,,",",NA,NA,NA,NA,NA,NA,NA,NA,NA,NA,NA,FC
142285001 + Devin Booker,142285001,G,SG,Devin Booker,44.83,25,0,No game,,PHO,,,",",NA,NA,NA,NA,NA,NA,NA,NA,NA,NA,NA,G
429945002 + Ja Morant,429945002,G,PG,Ja Morant,44.56,8,0,No game,,MEM,,,",",NA,NA,NA,NA,NA,NA,NA,NA,NA,NA,NA,G
453975001 + LaMelo Ball,453975001,G,PG,LaMelo Ball,43.89,15,0,No game,,CHA,,W2W,"ankle,",NA,NA,NA,NA,NA,NA,NA,NA,NA,NA,NA,G
171395001 + Bam Adebayo,171395001,FC,C,Bam Adebayo,43.44,24,0,No game,,MIA,,,",",NA,NA,NA,NA,NA,NA,NA,NA,NA,NA,NA,FC
619525015 + Anthony Edwards,619525015,G,SG,Anthony Edwards,42.29,31,0,No game,,MIN,,,",",NA,NA,NA,NA,NA,NA,NA,NA,NA,NA,NA,G
115805001 + Kawhi Leonard,115805001,FC,SF,Kawhi Leonard,41.6,30,0,No game,,LAC,,,",",NA,NA,NA,NA,NA,NA,NA,NA,NA,NA,NA,FC
143715001 + Terry Rozier,143715001,G,PG,Terry Rozier,40.79,22,0,No game,,CHA,,,",",NA,NA,NA,NA,NA,NA,NA,NA,NA,NA,NA,G
117775024 + Stephen Curry,117775024,G,PG,Stephen Curry,40.09,32,0,No game,,GS,,,",",NA,NA,NA,NA,NA,NA,NA,NA,NA,NA,NA,G
592745032 + Desmond Bane,592745032,G,SG,Desmond Bane,39.64,33,0,No game,,MEM,,,",",NA,NA,NA,NA,NA,NA,NA,NA,NA,NA,NA,G
1012325021 + Paolo Banchero,1012325021,FC,PF,Paolo Banchero,39.56,34,0,No game,,ORL,,,",",NA,NA,NA,NA,NA,NA,NA,NA,NA,NA,NA,FC
687445019 + Cade Cunningham,687445019,G,PG,Cade Cunningham,39.09,34,0,No game,,DET,,,",",NA,NA,NA,NA,NA,NA,NA,NA,NA,NA,NA,G
120825016 + Kyrie Irving,120825016,G,PG,Kyrie Irving,39.09,20,0,No game,,DAL,,,",",NA,NA,NA,NA,NA,NA,NA,NA,NA,NA,NA,G
121735014 + James Harden,121735014,G,SG,James Harden,38.98,29,0,No game,,LAC,,,",",NA,NA,NA,NA,NA,NA,NA,NA,NA,NA,NA,G
120825011 + Paul George,120825011,G,SG,Paul George,38.3,32,0,No game,,LAC,,,",",NA,NA,NA,NA,NA,NA,NA,NA,NA,NA,NA,G
114755030 + DeMar DeRozan,114755030,FC,SF,DeMar DeRozan,38.17,35,0,No game,,CHI,,,",",NA,NA,NA,NA,NA,NA,NA,NA,NA,NA,NA,FC
154265006 + Pascal Siakam,154265006,FC,PF,Pascal Siakam,38.08,34,0,No game,,TOR,,,",",NA,NA,NA,NA,NA,NA,NA,NA,NA,NA,NA,FC
988765033 + Chet Holmgren,988765033,FC,PF,Chet Holmgren,37.93,34,0,No game,,OKC,,,",",NA,NA,NA,NA,NA,NA,NA,NA,NA,NA,NA,FC
728865106 + Evan Mobley,728865106,FC,C,Evan Mobley,37.67,21,0,No game,,CLE,,IND,"knee,",NA,NA,NA,NA,NA,NA,NA,NA,NA,NA,NA,FC
139215002 + Karl-Anthony Towns,139215002,FC,C,Karl-Anthony Towns,37.33,33,0,No game,,MIN,,,",",NA,NA,NA,NA,NA,NA,NA,NA,NA,NA,NA,FC
161005007 + Brandon Ingram,161005007,FC,SF,Brandon Ingram,37.18,33,0,No game,,NO,,,",",NA,NA,NA,NA,NA,NA,NA,NA,NA,NA,NA,FC
409735001 + Tyler Herro,409735001,G,SG,Tyler Herro,36.83,16,0,No game,,MIA,,,",",NA,NA,NA,NA,NA,NA,NA,NA,NA,NA,NA,G
413845001 + Zion Williamson,413845001,FC,PF,Zion Williamson,36.81,30,0,No game,,NO,,Q,"leg,",NA,NA,NA,NA,NA,NA,NA,NA,NA,NA,NA,FC
161005010 + Jamal Murray,161005010,G,PG,Jamal Murray,36.76,22,0,No game,,DEN,,,",",NA,NA,NA,NA,NA,NA,NA,NA,NA,NA,NA,G
113835027 + Nikola Vucevic,113835027,FC,C,Nikola Vucevic,36.41,32,0,No game,,CHI,,,",",NA,NA,NA,NA,NA,NA,NA,NA,NA,NA,NA,FC
161015015 + Dejounte Murray,161015015,G,PG,Dejounte Murray,36.35,34,0,No game,,ATL,,,",",NA,NA,NA,NA,NA,NA,NA,NA,NA,NA,NA,G
188515001 + Anfernee Simons,188515001,G,SG,Anfernee Simons,35.95,13,0,No game,,POR,,,",",NA,NA,NA,NA,NA,NA,NA,NA,NA,NA,NA,G
115805012 + C.J. McCollum,115805012,G,SG,C.J. McCollum,35.93,23,0,No game,,NO,,,",",NA,NA,NA,NA,NA,NA,NA,NA,NA,NA,NA,G
198705001 + Miles Bridges,198705001,FC,SF,Miles Bridges,35.89,22,0,No game,,CHA,,,",",NA,NA,NA,NA,NA,NA,NA,NA,NA,NA,NA,FC
117765036 + Jimmy Butler,117765036,FC,SF,Jimmy Butler,35.81,24,0,No game,,MIA,,Q,"foot,",NA,NA,NA,NA,NA,NA,NA,NA,NA,NA,NA,FC
722265026 + Franz Wagner,722265026,FC,SF,Franz Wagner,35.77,34,0,No game,,ORL,,D2D,"ankle,",NA,NA,NA,NA,NA,NA,NA,NA,NA,NA,NA,FC
190545001 + Jaren Jackson Jr.,190545001,FC,PF,Jaren Jackson Jr.,35.68,34,0,No game,,MEM,,,",",NA,NA,NA,NA,NA,NA,NA,NA,NA,NA,NA,FC
113825008 + Rudy Gobert,113825008,FC,C,Rudy Gobert,35.19,34,0,No game,,MIN,,,",",NA,NA,NA,NA,NA,NA,NA,NA,NA,NA,NA,FC
115865002 + Jusuf Nurkic,115865002,FC,C,Jusuf Nurkic,33.72,32,0,No game,,PHO,,,",",NA,NA,NA,NA,NA,NA,NA,NA,NA,NA,NA,FC
425995001 + Nicolas Claxton,425995001,FC,PF,Nicolas Claxton,33.66,26,0,No game,,BKN,,,",",NA,NA,NA,NA,NA,NA,NA,NA,NA,NA,NA,FC
437955001 + Darius Garland,437955001,G,PG,Darius Garland,33.65,20,0,No game,,CLE,,IND,"jaw,",NA,NA,NA,NA,NA,NA,NA,NA,NA,NA,NA,G
175705001 + Jarrett Allen,175705001,FC,C,Jarrett Allen,33.61,30,0,No game,,CLE,,,",",NA,NA,NA,NA,NA,NA,NA,NA,NA,NA,NA,FC
191055001 + Mikal Bridges,191055001,FC,SF,Mikal Bridges,33.51,36,0,No game,,BKN,,,",",NA,NA,NA,NA,NA,NA,NA,NA,NA,NA,NA,FC
1007255012 + Jalen Duren,1007255012,FC,C,Jalen Duren,33.3,19,0,No game,,DET,,,",",NA,NA,NA,NA,NA,NA,NA,NA,NA,NA,NA,FC
114875001 + Zach LaVine,114875001,G,SG,Zach LaVine,32.63,19,0,No game,,CHI,,,",",NA,NA,NA,NA,NA,NA,NA,NA,NA,NA,NA,G
113825030 + Jonas Valanciunas,113825030,FC,C,Jonas Valanciunas,32.62,36,0,No game,,NO,,,",",NA,NA,NA,NA,NA,NA,NA,NA,NA,NA,NA,FC
725945016 + Jalen Johnson,725945016,FC,SF,Jalen Johnson,32.19,20,0,No game,,ATL,,,",",NA,NA,NA,NA,NA,NA,NA,NA,NA,NA,NA,FC
114915001 + Clint Capela,114915001,FC,C,Clint Capela,32.05,33,0,No game,,ATL,,,",",NA,NA,NA,NA,NA,NA,NA,NA,NA,NA,NA,FC
411845001 + Keldon Johnson,411845001,FC,SF,Keldon Johnson,31.96,32,0,No game,,SA,,,"wrist,",NA,NA,NA,NA,NA,NA,NA,NA,NA,NA,NA,FC
118895003 + Jerami Grant,118895003,FC,PF,Jerami Grant,31.66,30,0,No game,,POR,,,",",NA,NA,NA,NA,NA,NA,NA,NA,NA,NA,NA,FC
188485001 + DeAndre Ayton,188485001,FC,C,DeAndre Ayton,31.19,24,0,No game,,POR,,D2D,"knee,",NA,NA,NA,NA,NA,NA,NA,NA,NA,NA,NA,FC
405725001 + Coby White,405725001,G,PG,Coby White,30.87,37,0,No game,,CHI,,,",",NA,NA,NA,NA,NA,NA,NA,NA,NA,NA,NA,G
1008325008 + Jalen Williams,1008325008,G,SG,Jalen Williams,30.79,31,0,No game,,OKC,,,",",NA,NA,NA,NA,NA,NA,NA,NA,NA,NA,NA,G
159865014 + Ben Simmons,159865014,G,PG,Ben Simmons,30.75,6,0,No game,,BKN,,W2W,"back,",NA,NA,NA,NA,NA,NA,NA,NA,NA,NA,NA,G
1008335008 + Mark Williams,1008335008,FC,C,Mark Williams,30.46,19,0,No game,,CHA,,Q,"back,",NA,NA,NA,NA,NA,NA,NA,NA,NA,NA,NA,FC
120935001 + Aaron Gordon,120935001,FC,PF,Aaron Gordon,29.82,30,0,No game,,DEN,,,",",NA,NA,NA,NA,NA,NA,NA,NA,NA,NA,NA,FC
563365042 + Devin Vassell,563365042,G,SG,Devin Vassell,29.72,29,0,No game,,SA,,,",",NA,NA,NA,NA,NA,NA,NA,NA,NA,NA,NA,G
188505001 + Michael Porter Jr.,188505001,FC,SF,Michael Porter Jr.,29.61,36,0,No game,,DEN,,,",",NA,NA,NA,NA,NA,NA,NA,NA,NA,NA,NA,FC
120825007 + Dennis Schroder,120825007,G,PG,Dennis Schroder,29.49,34,0,No game,,TOR,,,",",NA,NA,NA,NA,NA,NA,NA,NA,NA,NA,NA,G
120945001 + Spencer Dinwiddie,120945001,G,PG,Spencer Dinwiddie,29.4,34,0,No game,,BKN,,,",",NA,NA,NA,NA,NA,NA,NA,NA,NA,NA,NA,G
733485035 + Austin Reaves,733485035,G,SG,Austin Reaves,29.22,35,0,No game,,LAL,,,",",NA,NA,NA,NA,NA,NA,NA,NA,NA,NA,NA,G
113825007 + Gordon Hayward,113825007,FC,SF,Gordon Hayward,29.2,25,0,No game,,CHA,,W2W,"calf,",NA,NA,NA,NA,NA,NA,NA,NA,NA,NA,NA,FC
137345005 + D'Angelo Russell,137345005,G,PG,D'Angelo Russell,29.15,32,0,No game,,LAL,,Q,"tailbone ,",NA,NA,NA,NA,NA,NA,NA,NA,NA,NA,NA,G
117885003 + Bojan Bogdanovic,117885003,FC,SF,Bojan Bogdanovic,28.98,15,0,No game,,DET,,,",",NA,NA,NA,NA,NA,NA,NA,NA,NA,NA,NA,FC
157955010 + Caris LeVert,157955010,G,SG,Caris LeVert,28.76,27,0,No game,,CLE,,,",",NA,NA,NA,NA,NA,NA,NA,NA,NA,NA,NA,G
161005011 + Ivica Zubac,161005011,FC,C,Ivica Zubac,28.74,34,0,No game,,LAC,,,",",NA,NA,NA,NA,NA,NA,NA,NA,NA,NA,NA,FC
161795004 + Malcolm Brogdon,161795004,G,PG,Malcolm Brogdon,28.64,27,0,No game,,POR,,,",",NA,NA,NA,NA,NA,NA,NA,NA,NA,NA,NA,G
114965001 + Bogdan Bogdanovic,114965001,G,SG,Bogdan Bogdanovic,28.53,32,0,No game,,ATL,,,",",NA,NA,NA,NA,NA,NA,NA,NA,NA,NA,NA,G
157075011 + Jakob Poeltl,157075011,FC,C,Jakob Poeltl,28.5,34,0,No game,,TOR,,,",",NA,NA,NA,NA,NA,NA,NA,NA,NA,NA,NA,FC
988855011 + Keegan Murray,988855011,FC,PF,Keegan Murray,28.22,29,0,No game,,SAC,,,",",NA,NA,NA,NA,NA,NA,NA,NA,NA,NA,NA,FC
422085001 + Max Strus,422085001,FC,SF,Max Strus,28.16,35,0,No game,,CLE,,,",",NA,NA,NA,NA,NA,NA,NA,NA,NA,NA,NA,FC
119755020 + Bradley Beal,119755020,G,SG,Bradley Beal,27.97,10,0,No game,,PHO,,,",",NA,NA,NA,NA,NA,NA,NA,NA,NA,NA,NA,G
731535016 + Cameron Thomas,731535016,G,SG,Cameron Thomas,27.92,27,0,No game,,BKN,,,",",NA,NA,NA,NA,NA,NA,NA,NA,NA,NA,NA,G
1021835048 + Shaedon Sharpe,1021835048,G,SG,Shaedon Sharpe,27.72,29,0,No game,,POR,,,",",NA,NA,NA,NA,NA,NA,NA,NA,NA,NA,NA,G
114755013 + Russell Westbrook,114755013,G,PG,Russell Westbrook,27.61,34,0,No game,,LAC,,,",",NA,NA,NA,NA,NA,NA,NA,NA,NA,NA,NA,G
435785001 + RJ Barrett,435785001,G,SG,RJ Barrett,27.21,28,0,No game,,TOR,,,",",NA,NA,NA,NA,NA,NA,NA,NA,NA,NA,NA,G
175735003 + Malik Monk,175735003,G,SG,Malik Monk,27.2,32,0,No game,,SAC,,,",",NA,NA,NA,NA,NA,NA,NA,NA,NA,NA,NA,G
702315031 + Josh Giddey,702315031,G,PG,Josh Giddey,26.72,33,0,No game,,OKC,,,",",NA,NA,NA,NA,NA,NA,NA,NA,NA,NA,NA,G
173145002 + Zach Collins,173145002,FC,C,Zach Collins,26.43,31,0,No game,,SA,,W2W,"ankle,",NA,NA,NA,NA,NA,NA,NA,NA,NA,NA,NA,FC
442235003 + Cole Anthony,442235003,G,PG,Cole Anthony,26.23,33,0,No game,,ORL,,,",",NA,NA,NA,NA,NA,NA,NA,NA,NA,NA,NA,G
120815013 + Chris Paul,120815013,G,PG,Chris Paul,26.16,31,0,No game,,GS,,IND,"hand,",NA,NA,NA,NA,NA,NA,NA,NA,NA,NA,NA,G
113825022 + Klay Thompson,113825022,G,SG,Klay Thompson,25.86,33,0,No game,,GS,,,",",NA,NA,NA,NA,NA,NA,NA,NA,NA,NA,NA,G
117765022 + Draymond Green,117765022,FC,PF,Draymond Green,25.81,15,0,No game,,GS,,Q,"conditioning,",NA,NA,NA,NA,NA,NA,NA,NA,NA,NA,NA,FC
194955001 + Grayson Allen,194955001,G,SG,Grayson Allen,25.77,29,0,No game,,PHO,,,",",NA,NA,NA,NA,NA,NA,NA,NA,NA,NA,NA,G
437965001 + Cameron Johnson,437965001,FC,SF,Cameron Johnson,25.74,28,0,No game,,BKN,,,",",NA,NA,NA,NA,NA,NA,NA,NA,NA,NA,NA,FC
417965002 + P.J. Washington,417965002,FC,PF,P.J. Washington,25.68,30,0,No game,,CHA,,,",",NA,NA,NA,NA,NA,NA,NA,NA,NA,NA,NA,FC
113825026 + Mike Conley,113825026,G,PG,Mike Conley,25.64,34,0,No game,,MIN,,,",",NA,NA,NA,NA,NA,NA,NA,NA,NA,NA,NA,G
113975001 + Marcus Smart,113975001,G,PG,Marcus Smart,25.39,17,0,No game,,MEM,,,",",NA,NA,NA,NA,NA,NA,NA,NA,NA,NA,NA,G
718035034 + Jalen Suggs,718035034,G,SG,Jalen Suggs,24.86,30,0,No game,,ORL,,,",",NA,NA,NA,NA,NA,NA,NA,NA,NA,NA,NA,G
473875001 + Saddiq Bey,473875001,FC,SF,Saddiq Bey,24.65,34,0,No game,,ATL,,,",",NA,NA,NA,NA,NA,NA,NA,NA,NA,NA,NA,FC
121735005 + Tim Hardaway Jr.,121735005,G,SG,Tim Hardaway Jr.,24.58,33,0,No game,,DAL,,,",",NA,NA,NA,NA,NA,NA,NA,NA,NA,NA,NA,G
1739335415 + Dereck Lively II,1739335415,FC,C,Dereck Lively II,24.5,29,0,No game,,DAL,,D,"ankle,",NA,NA,NA,NA,NA,NA,NA,NA,NA,NA,NA,FC
175735001 + Markelle Fultz,175735001,G,PG,Markelle Fultz,24.48,5,0,No game,,ORL,,Q,"knee,",NA,NA,NA,NA,NA,NA,NA,NA,NA,NA,NA,G
1755115120 + Jaime Jaquez Jr.,1755115120,FC,SF,Jaime Jaquez Jr.,24.13,34,0,No game,,MIA,,,",",NA,NA,NA,NA,NA,NA,NA,NA,NA,NA,NA,FC
1735435432 + Brandon Miller,1735435432,FC,SF,Brandon Miller,24.03,29,0,No game,,CHA,,,",",NA,NA,NA,NA,NA,NA,NA,NA,NA,NA,NA,FC
728585018 + Herbert Jones,728585018,FC,SF,Herbert Jones,24.02,33,0,No game,,NO,,,",",NA,NA,NA,NA,NA,NA,NA,NA,NA,NA,NA,FC
1016185007 + Jeremy Sochan,1016185007,FC,PF,Jeremy Sochan,23.99,34,0,No game,,SA,,,"quad,",NA,NA,NA,NA,NA,NA,NA,NA,NA,NA,NA,FC
1765835276 + Ausar Thompson,1765835276,G,SG,Ausar Thompson,23.88,34,0,No game,,DET,,,",",NA,NA,NA,NA,NA,NA,NA,NA,NA,NA,NA,G
429945003 + DeAndre Hunter,429945003,FC,SF,DeAndre Hunter,23.55,24,0,No game,,ATL,,W2W,"knee,",NA,NA,NA,NA,NA,NA,NA,NA,NA,NA,NA,FC
457935003 + Immanuel Quickley,457935003,G,PG,Immanuel Quickley,23.52,32,0,No game,,TOR,,,",",NA,NA,NA,NA,NA,NA,NA,NA,NA,NA,NA,G
725385008 + Trey Murphy III,725385008,FC,SF,Trey Murphy III,23.15,13,0,No game,,NO,,,",",NA,NA,NA,NA,NA,NA,NA,NA,NA,NA,NA,FC
1007065028 + Jaden Ivey,1007065028,G,SG,Jaden Ivey,23.14,30,0,No game,,DET,,,",",NA,NA,NA,NA,NA,NA,NA,NA,NA,NA,NA,G
425985001 + Goga Bitadze,425985001,FC,C,Goga Bitadze,23.01,31,0,No game,,ORL,,Q,"illness,",NA,NA,NA,NA,NA,NA,NA,NA,NA,NA,NA,FC
114755012 + Kevin Love,114755012,FC,PF,Kevin Love,22.97,27,0,No game,,MIA,,,",",NA,NA,NA,NA,NA,NA,NA,NA,NA,NA,NA,FC
594565037 + Onyeka Okongwu,594565037,FC,PF,Onyeka Okongwu,22.82,33,0,No game,,ATL,,,",",NA,NA,NA,NA,NA,NA,NA,NA,NA,NA,NA,FC
204745001 + Duncan Robinson,204745001,G,SG,Duncan Robinson,22.64,32,0,No game,,MIA,,,",",NA,NA,NA,NA,NA,NA,NA,NA,NA,NA,NA,G
1756585268 + Scoot Henderson,1756585268,G,PG,Scoot Henderson,22.62,25,0,No game,,POR,,,",",NA,NA,NA,NA,NA,NA,NA,NA,NA,NA,NA,G
117765041 + Eric Gordon,117765041,G,SG,Eric Gordon,22.56,30,0,No game,,PHO,,Q,"knee,",NA,NA,NA,NA,NA,NA,NA,NA,NA,NA,NA,G
621605012 + Nick Richards,621605012,FC,C,Nick Richards,22.43,27,0,No game,,CHA,,,",",NA,NA,NA,NA,NA,NA,NA,NA,NA,NA,NA,FC
612135037 + Isaiah Stewart,612135037,FC,C,Isaiah Stewart,22.37,28,0,No game,,DET,,W2W,"toe,",NA,NA,NA,NA,NA,NA,NA,NA,NA,NA,NA,FC
715125011 + Santi Aldama,715125011,FC,PF,Santi Aldama,22.25,27,0,No game,,MEM,,,",",NA,NA,NA,NA,NA,NA,NA,NA,NA,NA,NA,FC
1760875048 + Brandin Podziemski,1760875048,G,SG,Brandin Podziemski,22.21,28,0,No game,,GS,,,",",NA,NA,NA,NA,NA,NA,NA,NA,NA,NA,NA,G
117775016 + Andre Drummond,117775016,FC,C,Andre Drummond,22.11,37,0,No game,,CHI,,,",",NA,NA,NA,NA,NA,NA,NA,NA,NA,NA,NA,FC
407985002 + Luguentz Dort,407985002,FC,SF,Luguentz Dort,22.05,33,0,No game,,OKC,,,",",NA,NA,NA,NA,NA,NA,NA,NA,NA,NA,NA,FC
117775032 + Kyle Lowry,117775032,G,PG,Kyle Lowry,22.02,30,0,No game,,MIA,,,",",NA,NA,NA,NA,NA,NA,NA,NA,NA,NA,NA,G
417995001 + Naz Reid,417995001,FC,C,Naz Reid,21.88,34,0,No game,,MIN,,,",",NA,NA,NA,NA,NA,NA,NA,NA,NA,NA,NA,FC
155455001 + Alex Caruso,155455001,G,SG,Alex Caruso,21.85,30,0,No game,,CHI,,Q,"neck,",NA,NA,NA,NA,NA,NA,NA,NA,NA,NA,NA,G
117775013 + Reggie Jackson,117775013,G,PG,Reggie Jackson,21.78,36,0,No game,,DEN,,,",",NA,NA,NA,NA,NA,NA,NA,NA,NA,NA,NA,G
428135001 + Caleb Martin,428135001,FC,SF,Caleb Martin,21.78,20,0,No game,,MIA,,Q,"ankle,",NA,NA,NA,NA,NA,NA,NA,NA,NA,NA,NA,FC
121015001 + Dario Saric,121015001,FC,PF,Dario Saric,21.15,34,0,No game,,GS,,,",",NA,NA,NA,NA,NA,NA,NA,NA,NA,NA,NA,FC
216655001 + Robert Williams,216655001,FC,C,Robert Williams,20.93,6,0,No game,,POR,,OFS,"knee,",NA,NA,NA,NA,NA,NA,NA,NA,NA,NA,NA,FC
607955012 + Killian Hayes,607955012,G,PG,Killian Hayes,20.89,29,0,No game,,DET,,,",",NA,NA,NA,NA,NA,NA,NA,NA,NA,NA,NA,G
690995011 + Jonathan Kuminga,690995011,FC,PF,Jonathan Kuminga,20.7,33,0,No game,,GS,,,",",NA,NA,NA,NA,NA,NA,NA,NA,NA,NA,NA,FC
722235063 + Day'Ron Sharpe,722235063,FC,C,Day'Ron Sharpe,20.68,36,0,No game,,BKN,,,",",NA,NA,NA,NA,NA,NA,NA,NA,NA,NA,NA,FC
178865001 + Royce O'Neale,178865001,FC,PF,Royce O'Neale,20.55,35,0,No game,,BKN,,,",",NA,NA,NA,NA,NA,NA,NA,NA,NA,NA,NA,FC
214655001 + Lonnie Walker IV,214655001,G,SG,Lonnie Walker IV,20.54,18,0,No game,,BKN,,,",",NA,NA,NA,NA,NA,NA,NA,NA,NA,NA,NA,G
117775018 + Kentavious Caldwell-Pope,117775018,G,SG,Kentavious Caldwell-Pope,20.53,34,0,No game,,DEN,,,",",NA,NA,NA,NA,NA,NA,NA,NA,NA,NA,NA,G
598235028 + Patrick Williams,598235028,FC,PF,Patrick Williams,20.39,36,0,No game,,CHI,,Q,"ankle,",NA,NA,NA,NA,NA,NA,NA,NA,NA,NA,NA,FC
161785009 + Dorian Finney-Smith,161785009,FC,SF,Dorian Finney-Smith,20.32,33,0,No game,,BKN,,,",",NA,NA,NA,NA,NA,NA,NA,NA,NA,NA,NA,FC
592775022 + Tre Jones,592775022,G,PG,Tre Jones,20.19,30,0,No game,,SA,,,",",NA,NA,NA,NA,NA,NA,NA,NA,NA,NA,NA,G
161785011 + Derrick Jones Jr.,161785011,FC,SF,Derrick Jones Jr.,20.13,35,0,No game,,DAL,,,",",NA,NA,NA,NA,NA,NA,NA,NA,NA,NA,NA,FC
431865002 + Cody Martin,431865002,G,SG,Cody Martin,19.79,7,0,No game,,CHA,,,",",NA,NA,NA,NA,NA,NA,NA,NA,NA,NA,NA,G
118865001 + Andrew Wiggins,118865001,FC,SF,Andrew Wiggins,19.77,30,0,No game,,GS,,,",",NA,NA,NA,NA,NA,NA,NA,NA,NA,NA,NA,FC
188495001 + Wendell Carter Jr.,188495001,FC,C,Wendell Carter Jr.,19.66,13,0,No game,,ORL,,Q,"knee,",NA,NA,NA,NA,NA,NA,NA,NA,NA,NA,NA,FC
198695002 + Kevin Huerter,198695002,G,SG,Kevin Huerter,19.54,32,0,No game,,SAC,,,",",NA,NA,NA,NA,NA,NA,NA,NA,NA,NA,NA,G
120815001 + Bismack Biyombo,120815001,FC,C,Bismack Biyombo,19.41,27,0,No game,,MEM,,,",",NA,NA,NA,NA,NA,NA,NA,NA,NA,NA,NA,FC
143715002 + Josh Richardson,143715002,G,SG,Josh Richardson,19.4,25,0,No game,,MIA,,,",",NA,NA,NA,NA,NA,NA,NA,NA,NA,NA,NA,G
114865001 + Kyle Anderson,114865001,FC,SF,Kyle Anderson,19.37,34,0,No game,,MIN,,,",",NA,NA,NA,NA,NA,NA,NA,NA,NA,NA,NA,FC
138195001 + Norman Powell,138195001,G,SG,Norman Powell,19.35,34,0,No game,,LAC,,,",",NA,NA,NA,NA,NA,NA,NA,NA,NA,NA,NA,G
198705002 + Moritz Wagner,198705002,FC,C,Moritz Wagner,19.35,34,0,No game,,ORL,,,",",NA,NA,NA,NA,NA,NA,NA,NA,NA,NA,NA,FC
142275002 + Kevon Looney,142275002,FC,C,Kevon Looney,19.22,34,0,No game,,GS,,,",",NA,NA,NA,NA,NA,NA,NA,NA,NA,NA,NA,FC
171415002 + Dennis Smith Jr.,171415002,G,PG,Dennis Smith Jr.,18.95,21,0,No game,,BKN,,,",",NA,NA,NA,NA,NA,NA,NA,NA,NA,NA,NA,G
159015007 + Taurean Prince,159015007,FC,PF,Taurean Prince,18.65,33,0,No game,,LAL,,,",",NA,NA,NA,NA,NA,NA,NA,NA,NA,NA,NA,FC
114755024 + Harrison Barnes,114755024,FC,SF,Harrison Barnes,18.62,33,0,No game,,SAC,,,",",NA,NA,NA,NA,NA,NA,NA,NA,NA,NA,NA,FC
428005001 + Rui Hachimura,428005001,FC,PF,Rui Hachimura,18.5,25,0,No game,,LAL,,Q,"calf,",NA,NA,NA,NA,NA,NA,NA,NA,NA,NA,NA,FC
448145002 + Isaac Okoro,448145002,FC,SF,Isaac Okoro,18.45,26,0,No game,,CLE,,,",",NA,NA,NA,NA,NA,NA,NA,NA,NA,NA,NA,FC
114855002 + Dante Exum,114855002,G,PG,Dante Exum,18.25,30,0,No game,,DAL,,D2D,"heel,",NA,NA,NA,NA,NA,NA,NA,NA,NA,NA,NA,G
188485003 + Gary Trent Jr.,188485003,G,SG,Gary Trent Jr.,18.25,31,0,No game,,TOR,,Q,"quad,",NA,NA,NA,NA,NA,NA,NA,NA,NA,NA,NA,G
473875002 + Jaden McDaniels,473875002,FC,SF,Jaden McDaniels,18.22,24,0,No game,,MIN,,,",",NA,NA,NA,NA,NA,NA,NA,NA,NA,NA,NA,FC
195705001 + Marvin Bagley III,195705001,FC,PF,Marvin Bagley III,18.11,25,0,No game,,DET,,,",",NA,NA,NA,NA,NA,NA,NA,NA,NA,NA,NA,FC
1021835051 + Dyson Daniels,1021835051,G,PG,Dyson Daniels,18.04,36,0,No game,,NO,,,",",NA,NA,NA,NA,NA,NA,NA,NA,NA,NA,NA,G
1033765010 + Jabari Walker,1033765010,FC,PF,Jabari Walker,17.89,33,0,No game,,POR,,Q,"knee,",NA,NA,NA,NA,NA,NA,NA,NA,NA,NA,NA,FC
2177657233 + Craig Porter,2177657233,G,PG,Craig Porter,17.78,24,0,No game,,CLE,,,"2-way,",NA,NA,NA,NA,NA,NA,NA,NA,NA,NA,NA,G
411865001 + Grant Williams,411865001,FC,PF,Grant Williams,17.62,32,0,No game,,DAL,,Q,"ankle,",NA,NA,NA,NA,NA,NA,NA,NA,NA,NA,NA,FC
1752735036 + Toumani Camara,1752735036,FC,SF,Toumani Camara,17.36,33,0,No game,,POR,,,",",NA,NA,NA,NA,NA,NA,NA,NA,NA,NA,NA,FC
617635021 + Xavier Tillman,617635021,FC,C,Xavier Tillman,17.23,22,0,No game,,MEM,,,",",NA,NA,NA,NA,NA,NA,NA,NA,NA,NA,NA,FC
600535046 + Naji Marshall,600535046,FC,SF,Naji Marshall,17.02,27,0,No game,,NO,,,",",NA,NA,NA,NA,NA,NA,NA,NA,NA,NA,NA,FC
169615003 + Jonathan Isaac,169615003,FC,PF,Jonathan Isaac,16.8,21,0,No game,,ORL,,D2D,"hamstring,",NA,NA,NA,NA,NA,NA,NA,NA,NA,NA,NA,FC
117765007 + Alec Burks,117765007,G,SG,Alec Burks,16.63,27,0,No game,,DET,,,",",NA,NA,NA,NA,NA,NA,NA,NA,NA,NA,NA,G
428025001 + Matisse Thybulle,428025001,FC,SF,Matisse Thybulle,16.45,34,0,No game,,POR,,Q,"foot,",NA,NA,NA,NA,NA,NA,NA,NA,NA,NA,NA,FC
1021995007 + Christian Braun,1021995007,G,SG,Christian Braun,16.34,36,0,No game,,DEN,,,",",NA,NA,NA,NA,NA,NA,NA,NA,NA,NA,NA,G
140295003 + Christian Wood,140295003,FC,PF,Christian Wood,16.31,30,0,No game,,LAL,,,",",NA,NA,NA,NA,NA,NA,NA,NA,NA,NA,NA,FC
620515008 + Trevelin Queen,620515008,G,SG,Trevelin Queen,16.3,2,0,No game,,ORL,,,"2-way,",NA,NA,NA,NA,NA,NA,NA,NA,NA,NA,NA,G
724755061 + Ayo Dosunmu,724755061,G,SG,Ayo Dosunmu,16.21,35,0,No game,,CHI,,,",",NA,NA,NA,NA,NA,NA,NA,NA,NA,NA,NA,G
142275001 + Trey Lyles,142275001,FC,PF,Trey Lyles,16.04,20,0,No game,,SAC,,,",",NA,NA,NA,NA,NA,NA,NA,NA,NA,NA,NA,FC
1747225428 + Jordan Hawkins,1747225428,G,SG,Jordan Hawkins,15.97,31,0,No game,,NO,,,",",NA,NA,NA,NA,NA,NA,NA,NA,NA,NA,NA,G
1018105011 + Vince Williams,1018105011,FC,SF,Vince Williams,15.93,25,0,No game,,MEM,,Q,"foot/2-way,",NA,NA,NA,NA,NA,NA,NA,NA,NA,NA,NA,FC
456045003 + Josh Green,456045003,G,SG,Josh Green,15.88,24,0,No game,,DAL,,,",",NA,NA,NA,NA,NA,NA,NA,NA,NA,NA,NA,G
439795001 + Terance Mann,439795001,G,SG,Terance Mann,15.8,28,0,No game,,LAC,,,",",NA,NA,NA,NA,NA,NA,NA,NA,NA,NA,NA,G
732215033 + Jose Alvarado,732215033,G,PG,Jose Alvarado,15.73,22,0,No game,,NO,,D2D,"illness,",NA,NA,NA,NA,NA,NA,NA,NA,NA,NA,NA,G
171395003 + Luke Kennard,171395003,G,SG,Luke Kennard,15.71,11,0,No game,,MEM,,,",",NA,NA,NA,NA,NA,NA,NA,NA,NA,NA,NA,G
113825036 + Derrick Rose,113825036,G,PG,Derrick Rose,15.59,17,0,No game,,MEM,,W2W,"thigh,",NA,NA,NA,NA,NA,NA,NA,NA,NA,NA,NA,G
425975001 + Nickeil Alexander-Walker,425975001,G,SG,Nickeil Alexander-Walker,15.58,34,0,No game,,MIN,,,",",NA,NA,NA,NA,NA,NA,NA,NA,NA,NA,NA,G
1981607538 + Duop Reath,1981607538,FC,C,Duop Reath,15.58,22,0,No game,,POR,,,"2-way,",NA,NA,NA,NA,NA,NA,NA,NA,NA,NA,NA,FC
177925001 + Torrey Craig,177925001,FC,SF,Torrey Craig,15.54,27,0,No game,,CHI,,IND,"heel,",NA,NA,NA,NA,NA,NA,NA,NA,NA,NA,NA,FC
423825002 + Cameron Reddish,423825002,FC,SF,Cameron Reddish,15.38,28,0,No game,,LAL,,,",",NA,NA,NA,NA,NA,NA,NA,NA,NA,NA,NA,FC
617575015 + Isaiah Joe,617575015,G,SG,Isaiah Joe,15.37,34,0,No game,,OKC,,,",",NA,NA,NA,NA,NA,NA,NA,NA,NA,NA,NA,G
194345001 + Haywood Highsmith,194345001,FC,SF,Haywood Highsmith,15.26,21,0,No game,,MIA,,W2W,"concussion,",NA,NA,NA,NA,NA,NA,NA,NA,NA,NA,NA,FC
1000545009 + Malaki Branham,1000545009,G,SG,Malaki Branham,15.22,33,0,No game,,SA,,P,"ankle,",NA,NA,NA,NA,NA,NA,NA,NA,NA,NA,NA,G
177655002 + Drew Eubanks,177655002,FC,C,Drew Eubanks,15.08,30,0,No game,,PHO,,,",",NA,NA,NA,NA,NA,NA,NA,NA,NA,NA,NA,FC
1766195087 + Trayce Jackson-Davis,1766195087,FC,PF,Trayce Jackson-Davis,15.06,24,0,No game,,GS,,,",",NA,NA,NA,NA,NA,NA,NA,NA,NA,NA,NA,FC
585445042 + Skylar Mays,585445042,G,SG,Skylar Mays,15.04,21,0,No game,,,,,",",NA,NA,NA,NA,NA,NA,NA,NA,NA,NA,NA,G
160995011 + Georges Niang,160995011,FC,SF,Georges Niang,15.03,35,0,No game,,CLE,,,",",NA,NA,NA,NA,NA,NA,NA,NA,NA,NA,NA,FC
718695036 + Moses Moody,718695036,G,SG,Moses Moody,14.84,31,0,No game,,GS,,,",",NA,NA,NA,NA,NA,NA,NA,NA,NA,NA,NA,G
416055001 + Dean Wade,416055001,FC,PF,Dean Wade,14.84,28,0,No game,,CLE,,,",",NA,NA,NA,NA,NA,NA,NA,NA,NA,NA,NA,FC
796305670 + Jordan Goodwin,796305670,G,SG,Jordan Goodwin,14.75,31,0,No game,,PHO,,,",",NA,NA,NA,NA,NA,NA,NA,NA,NA,NA,NA,G
216685001 + Josh Okogie,216685001,FC,SF,Josh Okogie,14.7,28,0,No game,,PHO,,,",",NA,NA,NA,NA,NA,NA,NA,NA,NA,NA,NA,FC
1027815007 + Peyton Watson,1027815007,G,SG,Peyton Watson,14.68,34,0,No game,,DEN,,,",",NA,NA,NA,NA,NA,NA,NA,NA,NA,NA,NA,G
134635003 + Larry Nance Jr.,134635003,FC,PF,Larry Nance Jr.,14.63,19,0,No game,,NO,,,",",NA,NA,NA,NA,NA,NA,NA,NA,NA,NA,NA,FC
119405001 + Joe Ingles,119405001,FC,SF,Joe Ingles,14.61,24,0,No game,,ORL,,D2D,"ankle,",NA,NA,NA,NA,NA,NA,NA,NA,NA,NA,NA,FC
1027775007 + David Roddy,1027775007,FC,SF,David Roddy,14.56,32,0,No game,,MEM,,,",",NA,NA,NA,NA,NA,NA,NA,NA,NA,NA,NA,FC
171575001 + Daniel Theis,171575001,FC,C,Daniel Theis,14.48,24,0,No game,,LAC,,,",",NA,NA,NA,NA,NA,NA,NA,NA,NA,NA,NA,FC
701215053 + Ziaire Williams,701215053,G,SG,Ziaire Williams,14.45,32,0,No game,,MEM,,,",",NA,NA,NA,NA,NA,NA,NA,NA,NA,NA,NA,G
723245043 + Trendon Watford,723245043,FC,PF,Trendon Watford,14.32,25,0,No game,,BKN,,,",",NA,NA,NA,NA,NA,NA,NA,NA,NA,NA,NA,FC
1019875007 + Nikola Jovic,1019875007,FC,SF,Nikola Jovic,14.28,8,0,No game,,MIA,,,",",NA,NA,NA,NA,NA,NA,NA,NA,NA,NA,NA,FC
120815014 + DeAndre Jordan,120815014,FC,C,DeAndre Jordan,14.27,14,0,No game,,DEN,,,",",NA,NA,NA,NA,NA,NA,NA,NA,NA,NA,NA,FC
138195002 + Cedi Osman,138195002,FC,SF,Cedi Osman,14.24,34,0,No game,,SA,,,",",NA,NA,NA,NA,NA,NA,NA,NA,NA,NA,NA,FC
118875003 + Gary Harris,118875003,G,SG,Gary Harris,14.1,27,0,No game,,ORL,,D2D,"calf,",NA,NA,NA,NA,NA,NA,NA,NA,NA,NA,NA,G
1765715646 + Cason Wallace,1765715646,G,PG,Cason Wallace,14.04,34,0,No game,,OKC,,,",",NA,NA,NA,NA,NA,NA,NA,NA,NA,NA,NA,G
600535042 + James Wiseman,600535042,FC,C,James Wiseman,13.94,23,0,No game,,DET,,,",",NA,NA,NA,NA,NA,NA,NA,NA,NA,NA,NA,FC
117785008 + Mason Plumlee,117785008,FC,C,Mason Plumlee,13.86,7,0,No game,,LAC,,,",",NA,NA,NA,NA,NA,NA,NA,NA,NA,NA,NA,FC
1012685029 + Orlando Robinson,1012685029,FC,C,Orlando Robinson,13.82,15,0,No game,,MIA,,,"G League,",NA,NA,NA,NA,NA,NA,NA,NA,NA,NA,NA,FC
192565001 + Gabe Vincent,192565001,G,SG,Gabe Vincent,13.7,5,0,No game,,LAL,,IND,"knee,",NA,NA,NA,NA,NA,NA,NA,NA,NA,NA,NA,G
758375336 + Matt Ryan,758375336,FC,SF,Matt Ryan,13.65,13,0,No game,,NO,,IND,"elbow/2-way,",NA,NA,NA,NA,NA,NA,NA,NA,NA,NA,NA,FC
1758546293 + Marcus Sasser,1758546293,G,PG,Marcus Sasser,13.63,30,0,No game,,DET,,,",",NA,NA,NA,NA,NA,NA,NA,NA,NA,NA,NA,G
1005455008 + Jaden Hardy,1005455008,G,SG,Jaden Hardy,13.55,31,0,No game,,DAL,,,",",NA,NA,NA,NA,NA,NA,NA,NA,NA,NA,NA,G
418085001 + John Konchar,418085001,G,SG,John Konchar,13.54,27,0,No game,,MEM,,,",",NA,NA,NA,NA,NA,NA,NA,NA,NA,NA,NA,G
178685001 + Chris Boucher,178685001,FC,C,Chris Boucher,13.43,31,0,No game,,TOR,,,",",NA,NA,NA,NA,NA,NA,NA,NA,NA,NA,NA,FC
202675001 + Keita Bates-Diop,202675001,FC,SF,Keita Bates-Diop,13.26,24,0,No game,,PHO,,,",",NA,NA,NA,NA,NA,NA,NA,NA,NA,NA,NA,FC
161015016 + Gary Payton II,161015016,G,PG,Gary Payton II,13.23,16,0,No game,,GS,,IND,"hamstring,",NA,NA,NA,NA,NA,NA,NA,NA,NA,NA,NA,G
200725001 + Kevin Knox,200725001,FC,SF,Kevin Knox,12.91,16,0,No game,,DET,,,",",NA,NA,NA,NA,NA,NA,NA,NA,NA,NA,NA,FC
122875002 + Dwight Powell,122875002,FC,C,Dwight Powell,12.87,33,0,No game,,DAL,,,",",NA,NA,NA,NA,NA,NA,NA,NA,NA,NA,NA,FC
729965010 + Charles Bassey,729965010,FC,C,Charles Bassey,12.72,19,0,No game,,SA,,OFS,"knee,",NA,NA,NA,NA,NA,NA,NA,NA,NA,NA,NA,FC
1763895011 + Anthony Black,1763895011,G,SG,Anthony Black,12.52,32,0,No game,,ORL,,Q,"illness,",NA,NA,NA,NA,NA,NA,NA,NA,NA,NA,NA,G
208685001 + Chimezie Metu,208685001,FC,PF,Chimezie Metu,11.84,24,0,No game,,PHO,,,",",NA,NA,NA,NA,NA,NA,NA,NA,NA,NA,NA,FC
195765002 + Kenrich Williams,195765002,FC,SF,Kenrich Williams,11.81,23,0,No game,,OKC,,,",",NA,NA,NA,NA,NA,NA,NA,NA,NA,NA,NA,FC
172365001 + Maxi Kleber,172365001,FC,PF,Maxi Kleber,11.74,5,0,No game,,DAL,,D2D,"toe,",NA,NA,NA,NA,NA,NA,NA,NA,NA,NA,NA,FC
1033765038 + Julian Champagnie,1033765038,G,SG,Julian Champagnie,11.55,27,0,No game,,SA,,,",",NA,NA,NA,NA,NA,NA,NA,NA,NA,NA,NA,G
732965313 + Dru Smith,732965313,G,SG,Dru Smith,11.48,9,0,No game,,MIA,,OFS,"knee,",NA,NA,NA,NA,NA,NA,NA,NA,NA,NA,NA,G
722235062 + Bones Hyland,722235062,G,PG,Bones Hyland,11.06,16,0,No game,,LAC,,,",",NA,NA,NA,NA,NA,NA,NA,NA,NA,NA,NA,G
411835001 + Nassir Little,411835001,FC,SF,Nassir Little,10.91,23,0,No game,,PHO,,D2D,"knee,",NA,NA,NA,NA,NA,NA,NA,NA,NA,NA,NA,FC
596165023 + Sam Merrill,596165023,G,SG,Sam Merrill,10.85,20,0,No game,,CLE,,,",",NA,NA,NA,NA,NA,NA,NA,NA,NA,NA,NA,G
162685009 + Thomas Bryant,162685009,FC,C,Thomas Bryant,10.76,19,0,No game,,MIA,,,",",NA,NA,NA,NA,NA,NA,NA,NA,NA,NA,NA,FC
1018105009 + Max Christie,1018105009,G,SG,Max Christie,10.74,25,0,No game,,LAL,,,",",NA,NA,NA,NA,NA,NA,NA,NA,NA,NA,NA,G
122725030 + Ish Smith,122725030,G,PG,Ish Smith,10.74,27,0,No game,,CHA,,,",",NA,NA,NA,NA,NA,NA,NA,NA,NA,NA,NA,G
1126095026 + Jamal Cain,1126095026,FC,SF,Jamal Cain,10.7,13,0,No game,,MIA,,,"2-way,",NA,NA,NA,NA,NA,NA,NA,NA,NA,NA,NA,FC
1769775352 + Julian Strawther,1769775352,FC,SF,Julian Strawther,10.63,33,0,No game,,DEN,,Q,"knee,",NA,NA,NA,NA,NA,NA,NA,NA,NA,NA,NA,FC
171425003 + Sasha Vezenkov,171425003,FC,PF,Sasha Vezenkov,10.59,27,0,No game,,SAC,,,",",NA,NA,NA,NA,NA,NA,NA,NA,NA,NA,NA,FC
195715002 + Jarred Vanderbilt,195715002,FC,PF,Jarred Vanderbilt,10.58,14,0,No game,,LAL,,,",",NA,NA,NA,NA,NA,NA,NA,NA,NA,NA,NA,FC
1014195008 + Jaylin Williams,1014195008,FC,C,Jaylin Williams,10.44,29,0,No game,,OKC,,,",",NA,NA,NA,NA,NA,NA,NA,NA,NA,NA,NA,FC
113835014 + Tristan Thompson,113835014,FC,C,Tristan Thompson,10.4,30,0,No game,,CLE,,,",",NA,NA,NA,NA,NA,NA,NA,NA,NA,NA,NA,FC
1162805892 + Ibou Badji,1162805892,FC,C,Ibou Badji,10.15,6,0,No game,,POR,,,"2-way,",NA,NA,NA,NA,NA,NA,NA,NA,NA,NA,NA,FC
119755040 + JaVale McGee,119755040,FC,C,JaVale McGee,10.08,28,0,No game,,SAC,,,",",NA,NA,NA,NA,NA,NA,NA,NA,NA,NA,NA,FC
1022195024 + Keon Ellis,1022195024,G,SG,Keon Ellis,10.02,23,0,No game,,SAC,,,"2-way,",NA,NA,NA,NA,NA,NA,NA,NA,NA,NA,NA,G
117295001 + Seth Curry,117295001,G,SG,Seth Curry,9.97,27,0,No game,,DAL,,,",",NA,NA,NA,NA,NA,NA,NA,NA,NA,NA,NA,G
191085001 + Jevon Carter,191085001,G,PG,Jevon Carter,9.88,37,0,No game,,CHI,,,",",NA,NA,NA,NA,NA,NA,NA,NA,NA,NA,NA,G
725385009 + Isaiah Livers,725385009,FC,PF,Isaiah Livers,9.85,18,0,No game,,DET,,,",",NA,NA,NA,NA,NA,NA,NA,NA,NA,NA,NA,FC
122465001 + Justin Holiday,122465001,FC,SF,Justin Holiday,9.83,19,0,No game,,DEN,,,",",NA,NA,NA,NA,NA,NA,NA,NA,NA,NA,NA,FC
1729395505 + Nick Smith Jr.,1729395505,G,PG,Nick Smith Jr.,9.72,18,0,No game,,CHA,,,",",NA,NA,NA,NA,NA,NA,NA,NA,NA,NA,NA,G
612105035 + Theo Maledon,612105035,G,PG,Theo Maledon,9.7,13,0,No game,,PHO,,Q,"inactive/2-way,",NA,NA,NA,NA,NA,NA,NA,NA,NA,NA,NA,G
722755008 + Aaron Wiggins,722755008,G,SG,Aaron Wiggins,9.66,32,0,No game,,OKC,,,",",NA,NA,NA,NA,NA,NA,NA,NA,NA,NA,NA,G
1027585034 + Bryce McGowens,1027585034,G,SG,Bryce McGowens,9.64,28,0,No game,,CHA,,,",",NA,NA,NA,NA,NA,NA,NA,NA,NA,NA,NA,G
409765001 + Jontay Porter,409765001,FC,PF,Jontay Porter,9.6,1,0,No game,,TOR,,,"2-way,",NA,NA,NA,NA,NA,NA,NA,NA,NA,NA,NA,FC
421845002 + Moses Brown,421845002,FC,C,Moses Brown,9.58,9,0,No game,,POR,,D2D,"wrist,",NA,NA,NA,NA,NA,NA,NA,NA,NA,NA,NA,FC
198715001 + Shake Milton,198715001,G,SG,Shake Milton,9.57,29,0,No game,,MIN,,,",",NA,NA,NA,NA,NA,NA,NA,NA,NA,NA,NA,G
120985001 + Doug McDermott,120985001,FC,SF,Doug McDermott,9.52,31,0,No game,,SA,,P,"forearm,",NA,NA,NA,NA,NA,NA,NA,NA,NA,NA,NA,FC
216675001 + Devonte Graham,216675001,G,PG,Devonte Graham,9.5,7,0,No game,,SA,,,",",NA,NA,NA,NA,NA,NA,NA,NA,NA,NA,NA,G
139215001 + Richaun Holmes,139215001,FC,C,Richaun Holmes,9.5,16,0,No game,,DAL,,Q,"personal,",NA,NA,NA,NA,NA,NA,NA,NA,NA,NA,NA,FC
120835029 + Alex Len,120835029,FC,C,Alex Len,9.46,10,0,No game,,SAC,,,",",NA,NA,NA,NA,NA,NA,NA,NA,NA,NA,NA,FC
190555001 + Troy Brown,190555001,FC,SF,Troy Brown,9.07,30,0,No game,,MIN,,,",",NA,NA,NA,NA,NA,NA,NA,NA,NA,NA,NA,FC
479475004 + Jeremiah Robinson-Earl,479475004,FC,PF,Jeremiah Robinson-Earl,9.04,14,0,No game,,NO,,,"2-way,",NA,NA,NA,NA,NA,NA,NA,NA,NA,NA,NA,FC
121895001 + Vasilije Micic,121895001,G,G,Vasilije Micic,9.03,15,0,No game,,OKC,,,",",NA,NA,NA,NA,NA,NA,NA,NA,NA,NA,NA,G
1747385017 + Jalen Wilson,1747385017,FC,PF,Jalen Wilson,8.98,11,0,No game,,BKN,,,"G League/2-way,",NA,NA,NA,NA,NA,NA,NA,NA,NA,NA,NA,FC
589365026 + Zeke Nnaji,589365026,FC,PF,Zeke Nnaji,8.88,30,0,No game,,DEN,,,",",NA,NA,NA,NA,NA,NA,NA,NA,NA,NA,NA,FC
665305025 + Chris Duarte,665305025,G,SG,Chris Duarte,8.82,30,0,No game,,SAC,,,",",NA,NA,NA,NA,NA,NA,NA,NA,NA,NA,NA,G
722755009 + A.J. Lawson,722755009,G,SG,A.J. Lawson,8.61,15,0,No game,,DAL,,,"2-way,",NA,NA,NA,NA,NA,NA,NA,NA,NA,NA,NA,G
792475799 + Olivier Sarr,792475799,FC,C,Olivier Sarr,8.4,8,0,No game,,OKC,,Q,"inactive/2-way,",NA,NA,NA,NA,NA,NA,NA,NA,NA,NA,NA,FC
1760735316 + Kris Murray,1760735316,FC,PF,Kris Murray,8.38,18,0,No game,,POR,,,",",NA,NA,NA,NA,NA,NA,NA,NA,NA,NA,NA,FC
589445034 + Udoka Azubuike,589445034,FC,C,Udoka Azubuike,8.18,9,0,No game,,PHO,,Q,"inactive/2-way,",NA,NA,NA,NA,NA,NA,NA,NA,NA,NA,NA,FC
2460685547 + Nathan Mensah,2460685547,FC,C,Nathan Mensah,8.1,9,0,No game,,CHA,,,"2-way,",NA,NA,NA,NA,NA,NA,NA,NA,NA,NA,NA,FC
718785011 + Davion Mitchell,718785011,G,PG,Davion Mitchell,8.06,26,0,No game,,SAC,,,",",NA,NA,NA,NA,NA,NA,NA,NA,NA,NA,NA,G
737525038 + JT Thor,737525038,FC,PF,JT Thor,7.99,27,0,No game,,CHA,,,",",NA,NA,NA,NA,NA,NA,NA,NA,NA,NA,NA,FC
214835001 + Yuta Watanabe,214835001,FC,SF,Yuta Watanabe,7.94,22,0,No game,,PHO,,,",",NA,NA,NA,NA,NA,NA,NA,NA,NA,NA,NA,FC
712715053 + Brandon Boston Jr.,712715053,G,SG,Brandon Boston Jr.,7.85,6,0,No game,,LAC,,,",",NA,NA,NA,NA,NA,NA,NA,NA,NA,NA,NA,G
594775012 + Saben Lee,594775012,G,PG,Saben Lee,7.83,7,0,No game,,PHO,,,"2-way,",NA,NA,NA,NA,NA,NA,NA,NA,NA,NA,NA,G
728615007 + Sandro Mamukelashvili,728615007,FC,C,Sandro Mamukelashvili,7.76,19,0,No game,,SA,,,",",NA,NA,NA,NA,NA,NA,NA,NA,NA,NA,NA,FC
1027775008 + Dalen Terry,1027775008,G,PG,Dalen Terry,7.57,21,0,No game,,CHI,,,",",NA,NA,NA,NA,NA,NA,NA,NA,NA,NA,NA,G
120825002 + Cody Zeller,120825002,FC,C,Cody Zeller,7.57,26,0,No game,,NO,,,",",NA,NA,NA,NA,NA,NA,NA,NA,NA,NA,NA,FC
797835475 + Brandon Williams,797835475,G,PG,Brandon Williams,7.53,3,0,No game,,DAL,,,"2-way,",NA,NA,NA,NA,NA,NA,NA,NA,NA,NA,NA,G
428015001 + Bol Bol,428015001,FC,C,Bol Bol,7.47,10,0,No game,,PHO,,D2D,"ankle,",NA,NA,NA,NA,NA,NA,NA,NA,NA,NA,NA,FC
436005001 + Armoni Brooks,436005001,G,PG,Armoni Brooks,7.46,10,0,No game,,BKN,,,"G League/2-way,",NA,NA,NA,NA,NA,NA,NA,NA,NA,NA,NA,G
114755020 + Otto Porter Jr.,114755020,FC,SF,Otto Porter Jr.,7.42,15,0,No game,,TOR,,Q,"knee,",NA,NA,NA,NA,NA,NA,NA,NA,NA,NA,NA,FC
120815029 + P.J. Tucker,120815029,FC,PF,P.J. Tucker,7.41,15,0,No game,,LAC,,,",",NA,NA,NA,NA,NA,NA,NA,NA,NA,NA,NA,FC
1749035267 + Olivier-Maxence Prosper,1749035267,FC,PF,Olivier-Maxence Prosper,7.34,23,0,No game,,DAL,,,"G League,",NA,NA,NA,NA,NA,NA,NA,NA,NA,NA,NA,FC
175695003 + Harry Giles,175695003,FC,PF,Harry Giles,7.29,10,0,No game,,BKN,,,",",NA,NA,NA,NA,NA,NA,NA,NA,NA,NA,NA,FC
1269326064 + Dereon Seabron,1269326064,G,SG,Dereon Seabron,7.28,5,0,No game,,NO,,,"G League/2-way,",NA,NA,NA,NA,NA,NA,NA,NA,NA,NA,NA,G
208895001 + Jordan McLaughlin,208895001,G,PG,Jordan McLaughlin,7.26,14,0,No game,,MIN,,,",",NA,NA,NA,NA,NA,NA,NA,NA,NA,NA,NA,G
1022045008 + Caleb Houstan,1022045008,FC,SF,Caleb Houstan,7.08,25,0,No game,,ORL,,,",",NA,NA,NA,NA,NA,NA,NA,NA,NA,NA,NA,FC
1029805030 + Dominick Barlow,1029805030,FC,PF,Dominick Barlow,7.05,12,0,No game,,SA,,,"2-way,",NA,NA,NA,NA,NA,NA,NA,NA,NA,NA,NA,FC
409975001 + Amir Coffey,409975001,G,SG,Amir Coffey,6.95,22,0,No game,,LAC,,,",",NA,NA,NA,NA,NA,NA,NA,NA,NA,NA,NA,G
708545025 + Tre Mann,708545025,G,PG,Tre Mann,6.83,12,0,No game,,OKC,,,",",NA,NA,NA,NA,NA,NA,NA,NA,NA,NA,NA,G
120825029 + Markieff Morris,120825029,FC,PF,Markieff Morris,6.81,14,0,No game,,DAL,,Q,"illness,",NA,NA,NA,NA,NA,NA,NA,NA,NA,NA,NA,FC
1029525009 + Blake Wesley,1029525009,G,SG,Blake Wesley,6.68,13,0,No game,,SA,,,",",NA,NA,NA,NA,NA,NA,NA,NA,NA,NA,NA,G
621695008 + Trent Forrest,621695008,G,SG,Trent Forrest,6.59,10,0,No game,,ATL,,,"2-way,",NA,NA,NA,NA,NA,NA,NA,NA,NA,NA,NA,G
467785004 + Kira Lewis Jr.,467785004,G,PG,Kira Lewis Jr.,6.56,14,0,No game,,NO,,,"G League,",NA,NA,NA,NA,NA,NA,NA,NA,NA,NA,NA,G
722255031 + James Bouknight,722255031,G,SG,James Bouknight,6.54,5,0,No game,,CHA,,,",",NA,NA,NA,NA,NA,NA,NA,NA,NA,NA,NA,G
417975001 + Jaxson Hayes,417975001,FC,C,Jaxson Hayes,6.52,31,0,No game,,LAL,,,",",NA,NA,NA,NA,NA,NA,NA,NA,NA,NA,NA,FC
1007445007 + Moussa Diabate,1007445007,FC,C,Moussa Diabate,6.5,10,0,No game,,LAC,,Q,"hand/2-way,",NA,NA,NA,NA,NA,NA,NA,NA,NA,NA,NA,FC
121735012 + Wesley Matthews,121735012,G,SG,Wesley Matthews,6.31,18,0,No game,,ATL,,,",",NA,NA,NA,NA,NA,NA,NA,NA,NA,NA,NA,G
123835003 + Davis Bertans,123835003,FC,SF,Davis Bertans,6.25,12,0,No game,,OKC,,,",",NA,NA,NA,NA,NA,NA,NA,NA,NA,NA,NA,FC
419735001 + Bruno Fernando,419735001,FC,C,Bruno Fernando,6.04,9,0,No game,,ATL,,,",",NA,NA,NA,NA,NA,NA,NA,NA,NA,NA,NA,FC
418025001 + Jalen McDaniels,418025001,FC,PF,Jalen McDaniels,5.98,20,0,No game,,TOR,,,",",NA,NA,NA,NA,NA,NA,NA,NA,NA,NA,NA,FC
1783575421 + Kobe Brown,1783575421,FC,PF,Kobe Brown,5.93,23,0,No game,,LAC,,,",",NA,NA,NA,NA,NA,NA,NA,NA,NA,NA,NA,FC
115795004 + Cory Joseph,115795004,G,PG,Cory Joseph,5.81,15,0,No game,,GS,,,",",NA,NA,NA,NA,NA,NA,NA,NA,NA,NA,NA,G
414015001 + Garrison Mathews,414015001,G,SG,Garrison Mathews,5.77,22,0,No game,,ATL,,,",",NA,NA,NA,NA,NA,NA,NA,NA,NA,NA,NA,G
1033755009 + Gui Santos,1033755009,FC,SF,Gui Santos,5.53,4,0,No game,,GS,,Q,"inactive,",NA,NA,NA,NA,NA,NA,NA,NA,NA,NA,NA,FC
419755001 + Chuma Okeke,419755001,FC,PF,Chuma Okeke,5.47,17,0,No game,,ORL,,,",",NA,NA,NA,NA,NA,NA,NA,NA,NA,NA,NA,FC
122875001 + Joe Harris,122875001,G,SG,Joe Harris,5.43,12,0,No game,,DET,,,",",NA,NA,NA,NA,NA,NA,NA,NA,NA,NA,NA,G
724805008 + Ishmail Wainright,724805008,FC,SF,Ishmail Wainright,5.4,7,0,No game,,,,,",",NA,NA,NA,NA,NA,NA,NA,NA,NA,NA,NA,FC
817755031 + Lindy Waters,817755031,FC,SF,Lindy Waters,5.04,13,0,No game,,OKC,,,"2-way,",NA,NA,NA,NA,NA,NA,NA,NA,NA,NA,NA,FC
115805003 + Patty Mills,115805003,G,PG,Patty Mills,4.77,7,0,No game,,ATL,,,",",NA,NA,NA,NA,NA,NA,NA,NA,NA,NA,NA,G
2170395780 + Adama Sanogo,2170395780,FC,PF,Adama Sanogo,4.73,3,0,No game,,CHI,,,"G League/2-way,",NA,NA,NA,NA,NA,NA,NA,NA,NA,NA,NA,FC
121735017 + Thaddeus Young,121735017,FC,PF,Thaddeus Young,4.7,7,0,No game,,TOR,,,",",NA,NA,NA,NA,NA,NA,NA,NA,NA,NA,NA,FC
1000545008 + Cole Swider,1000545008,FC,PF,Cole Swider,4.49,6,0,No game,,MIA,,,"2-way,",NA,NA,NA,NA,NA,NA,NA,NA,NA,NA,NA,FC
418015001 + Ty Jerome,418015001,G,SG,Ty Jerome,4.35,2,0,No game,,CLE,,IND,"ankle,",NA,NA,NA,NA,NA,NA,NA,NA,NA,NA,NA,G
1758515320 + Jalen Hood-Schifino,1758515320,G,PG,Jalen Hood-Schifino,4.23,8,0,No game,,LAL,,,",",NA,NA,NA,NA,NA,NA,NA,NA,NA,NA,NA,G
741685052 + Terry Taylor,741685052,FC,SF,Terry Taylor,4.1,14,0,No game,,CHI,,,",",NA,NA,NA,NA,NA,NA,NA,NA,NA,NA,NA,FC
1772375019 + Jalen Pickett,1772375019,G,PG,Jalen Pickett,4.05,15,0,No game,,DEN,,,"G League,",NA,NA,NA,NA,NA,NA,NA,NA,NA,NA,NA,G
1014115008 + AJ Griffin,1014115008,FC,SF,AJ Griffin,3.84,13,0,No game,,ATL,,,",",NA,NA,NA,NA,NA,NA,NA,NA,NA,NA,NA,FC
160995007 + Damian Jones,160995007,FC,C,Damian Jones,3.81,15,0,No game,,CLE,,,",",NA,NA,NA,NA,NA,NA,NA,NA,NA,NA,NA,FC
707335022 + Luka Garza,707335022,FC,C,Luka Garza,3.66,7,0,No game,,MIN,,,"2-way,",NA,NA,NA,NA,NA,NA,NA,NA,NA,NA,NA,FC
117775019 + Garrett Temple,117775019,G,SG,Garrett Temple,3.4,6,0,No game,,TOR,,,",",NA,NA,NA,NA,NA,NA,NA,NA,NA,NA,NA,G
799705071 + Braxton Key,799705071,FC,PF,Braxton Key,3.36,9,0,No game,,DEN,,,"2-way,",NA,NA,NA,NA,NA,NA,NA,NA,NA,NA,NA,FC
463925004 + Aleksej Pokusevski,463925004,FC,PF,Aleksej Pokusevski,3.3,7,0,No game,,OKC,,,",",NA,NA,NA,NA,NA,NA,NA,NA,NA,NA,NA,FC
602395010 + R.J. Hampton,602395010,G,PG,R.J. Hampton,3.28,7,0,No game,,MIA,,,"2-way,",NA,NA,NA,NA,NA,NA,NA,NA,NA,NA,NA,G
733485033 + Kessler Edwards,733485033,FC,SF,Kessler Edwards,2.98,25,0,No game,,SAC,,,",",NA,NA,NA,NA,NA,NA,NA,NA,NA,NA,NA,FC
1026045010 + Lester Quinones,1026045010,G,SG,Lester Quinones,2.78,4,0,No game,,GS,,,"2-way,",NA,NA,NA,NA,NA,NA,NA,NA,NA,NA,NA,G
1033495007 + Josh Minott,1033495007,FC,SF,Josh Minott,2.65,14,0,No game,,MIN,,,",",NA,NA,NA,NA,NA,NA,NA,NA,NA,NA,NA,FC
1754816670 + Julian Phillips,1754816670,FC,SF,Julian Phillips,2.37,21,0,No game,,CHI,,,",",NA,NA,NA,NA,NA,NA,NA,NA,NA,NA,NA,FC
1764265014 + Seth Lundy,1764265014,G,SG,Seth Lundy,2.12,5,0,No game,,ATL,,,"2-way,",NA,NA,NA,NA,NA,NA,NA,NA,NA,NA,NA,G
196715001 + Jerome Robinson,196715001,G,SG,Jerome Robinson,2.1,4,0,No game,,GS,,,"2-way,",NA,NA,NA,NA,NA,NA,NA,NA,NA,NA,NA,G
728095059 + Usman Garuba,728095059,FC,PF,Usman Garuba,2.0,2,0,No game,,GS,,Q,"inactive/2-way,",NA,NA,NA,NA,NA,NA,NA,NA,NA,NA,NA,FC
733515008 + Daishen Nix,733515008,G,PG,Daishen Nix,1.95,6,0,No game,,MIN,,Q,"inactive/2-way,",NA,NA,NA,NA,NA,NA,NA,NA,NA,NA,NA,G
439795003 + Admiral Schofield,439795003,FC,SF,Admiral Schofield,1.93,10,0,No game,,ORL,,,"2-way,",NA,NA,NA,NA,NA,NA,NA,NA,NA,NA,NA,FC
416665001 + Juan Toscano-Anderson,416665001,FC,SF,Juan Toscano-Anderson,1.75,8,0,No game,,SAC,,,",",NA,NA,NA,NA,NA,NA,NA,NA,NA,NA,NA,FC
1752435039 + Mouhamed Gueye,1752435039,FC,PF,Mouhamed Gueye,1.25,2,0,No game,,ATL,,IND,"back,",NA,NA,NA,NA,NA,NA,NA,NA,NA,NA,NA,FC
119755013 + Steven Adams,119755013,FC,C,Steven Adams,0.0,0,0,No game,,MEM,,OFS,"knee,",NA,NA,NA,NA,NA,NA,NA,NA,NA,NA,NA,FC
169605001 + Lonzo Ball,169605001,G,PG,Lonzo Ball,0.0,0,0,No game,,CHI,,OFS,"knee,",NA,NA,NA,NA,NA,NA,NA,NA,NA,NA,NA,G
2145445946 + Onurulp Bitim,2145445946,FC,SF,Onurulp Bitim,0.0,1,0,No game,,CHI,,,"G League/2-way,",NA,NA,NA,NA,NA,NA,NA,NA,NA,NA,NA,FC
173235001 + Vlatko Cancar,173235001,FC,SF,Vlatko Cancar,0.0,0,0,No game,,DEN,,IND,"knee,",NA,NA,NA,NA,NA,NA,NA,NA,NA,NA,NA,FC
1776255046 + Jaylen Clark,1776255046,G,SG,Jaylen Clark,0.0,0,0,No game,,MIN,,IND,"Achilles/2-way,",NA,NA,NA,NA,NA,NA,NA,NA,NA,NA,NA,G
407975001 + Brandon Clarke,407975001,FC,PF,Brandon Clarke,0.0,0,0,No game,,MEM,,IND,"Achilles,",NA,NA,NA,NA,NA,NA,NA,NA,NA,NA,NA,FC
581455019 + Mamadi Diakite,581455019,FC,PF,Mamadi Diakite,0.0,0,0,No game,,SA,,,"2-way,",NA,NA,NA,NA,NA,NA,NA,NA,NA,NA,NA,FC
1023975009 + Christian Koloko,1023975009,FC,C,Christian Koloko,0.0,0,0,No game,,TOR,,IND,"illness,",NA,NA,NA,NA,NA,NA,NA,NA,NA,NA,NA,FC
161005009 + Damion Lee,161005009,G,SG,Damion Lee,0.0,0,0,No game,,PHO,,IND,"knee,",NA,NA,NA,NA,NA,NA,NA,NA,NA,NA,NA,G
157925013 + Monte Morris,157925013,G,PG,Monte Morris,0.0,0,0,No game,,DET,,IND,"quad,",NA,NA,NA,NA,NA,NA,NA,NA,NA,NA,NA,G
