game_date,opponent_team,team
2025-01-01,ORL,DET
2025-01-01,CHI,WAS
2025-01-01,NOP,MIA
2025-01-01,UTA,NYK
2025-01-01,BKN,TOR
2025-01-01,DAL,HOU
2025-01-01,ATL,DEN
2025-01-01,PHI,SAC
2025-01-02,IND,MIA
2025-01-02,BOS,MIN
2025-01-02,BKN,MIL
2025-01-02,LAC,OKC
2025-01-02,PHI,GSW
2025-01-02,POR,LAL
2025-01-03,CHA,DET
2025-01-03,ORL,TOR
2025-01-03,BOS,HOU
2025-01-03,WAS,NOP
2025-01-03,NYK,OKC
2025-01-03,CLE,DAL
2025-01-03,SAS,DEN
2025-01-03,MEM,SAC
2025-01-03,ATL,LAL
2025-01-04,PHI,BKN
2025-01-04,MIN,DET
2025-01-04,PHX,IND
2025-01-04,UTA,MIA
2025-01-04,NYK,CHI
2025-01-04,POR,MIL
2025-01-04,DEN,SAS
2025-01-04,MEM,GSW
2025-01-04,ATL,LAC
2025-01-05,BOS,OKC
2025-01-05,CHA,CLE
2025-01-05,NOP,WAS
2025-01-05,UTA,ORL
2025-01-05,LAL,HOU
2025-01-05,SAC,GSW
2025-01-06,POR,DET
2025-01-06,PHX,PHI
2025-01-06,IND,BKN
2025-01-06,ORL,NYK
2025-01-06,MIL,TOR
2025-01-06,SAS,CHI
2025-01-06,DAL,MEM
2025-01-06,LAC,MIN
2025-01-06,MIA,SAC
2025-01-07,PHX,CHA
2025-01-07,HOU,WAS
2025-01-07,LAL,DAL
2025-01-07,MIN,NOP
2025-01-07,ATL,UTA
2025-01-07,BOS,DEN
2025-01-07,MIA,GSW
2025-01-08,OKC,CLE
2025-01-08,CHI,IND
2025-01-08,WAS,PHI
2025-01-08,TOR,NYK
2025-01-08,DET,BKN
2025-01-08,POR,NOP
2025-01-08,LAC,DEN
2025-01-08,SAS,MIL
2025-01-09,TOR,CLE
2025-01-09,GSW,DET
2025-01-09,MIN,ORL
2025-01-09,HOU,MEM
2025-01-09,POR,DAL
2025-01-09,ATL,PHX
2025-01-09,MIA,UTA
2025-01-09,CHA,LAL
2025-01-10,GSW,IND
2025-01-10,MIL,ORL
2025-01-10,NOP,PHI
2025-01-10,SAC,BOS
2025-01-10,OKC,NYK
2025-01-10,WAS,CHI
2025-01-10,BKN,DEN
2025-01-11,HOU,ATL
2025-01-11,UTA,PHX
2025-01-11,TOR,DET
2025-01-11,MEM,MIN
2025-01-11,MIA,POR
2025-01-11,SAS,LAL
2025-01-11,CHA,LAC
2025-01-12,MIL,NYK
2025-01-12,DEN,DAL
2025-01-12,SAC,CHI
2025-01-12,NOP,BOS
2025-01-12,IND,CLE
2025-01-12,PHI,ORL
2025-01-12,OKC,WAS
2025-01-12,BKN,UTA
2025-01-12,CHA,PHX
2025-01-13,MIN,WAS
2025-01-13,DET,NYK
2025-01-13,GSW,TOR
2025-01-13,MEM,HOU
2025-01-13,SAS,LAL
2025-01-13,MIA,LAC
2025-01-14,CLE,IND
2025-01-14,OKC,PHI
2025-01-14,PHX,ATL
2025-01-14,NOP,CHI
2025-01-14,SAC,MIL
2025-01-14,DEN,DAL
2025-01-14,BKN,POR
2025-01-15,NYK,PHI
2025-01-15,BOS,TOR
2025-01-15,ATL,CHI
2025-01-15,ORL,MIL
2025-01-15,GSW,MIN
2025-01-15,DAL,NOP
2025-01-15,MEM,SAS
2025-01-15,HOU,DEN
2025-01-15,CHA,UTA
2025-01-15,MIA,LAL
2025-01-15,BKN,LAC
2025-01-16,IND,DET
2025-01-16,PHX,WAS
2025-01-16,CLE,OKC
2025-01-16,LAC,POR
2025-01-16,HOU,SAC
2025-01-17,ORL,BOS
2025-01-17,MIN,NYK
2025-01-17,DEN,MIA
2025-01-17,TOR,MIL
2025-01-17,UTA,NOP
2025-01-17,MEM,SAS
2025-01-17,OKC,DAL
2025-01-17,CHA,CHI
2025-01-17,BKN,LAL
2025-01-18,PHX,DET
2025-01-18,ATL,BOS
2025-01-18,PHI,IND
2025-01-18,WAS,GSW
2025-01-18,CLE,MIN
2025-01-18,HOU,POR
2025-01-19,SAS,MIA
2025-01-19,DEN,ORL
2025-01-19,PHI,MIL
2025-01-19,BKN,OKC
2025-01-19,LAL,LAC
2025-01-19,CHI,POR
2025-01-19,WAS,SAC
2025-01-20,DAL,CHA
2025-01-20,DET,HOU
2025-01-20,MIN,MEM
2025-01-20,ATL,NYK
2025-01-20,PHX,CLE
2025-01-20,BOS,GSW
2025-01-20,UTA,NOP
2025-01-21,NYK,BKN
2025-01-21,POR,MIA
2025-01-21,ORL,TOR
2025-01-21,PHI,DEN
2025-01-21,WAS,LAL
2025-01-21,CHI,LAC
2025-01-22,DET,ATL
2025-01-22,PHX,BKN
2025-01-22,MIN,DAL
2025-01-22,CLE,HOU
2025-01-22,CHA,MEM
2025-01-22,MIL,NOP
2025-01-22,UTA,OKC
2025-01-22,GSW,SAC
2025-01-22,BOS,LAC
2025-01-23,SAS,IND
2025-01-23,POR,ORL
2025-01-23,TOR,ATL
2025-01-23,MIA,MIL
2025-01-23,DAL,OKC
2025-01-23,SAC,DEN
2025-01-23,WAS,UTA
2025-01-23,CHI,GSW
2025-01-23,BOS,LAL
2025-01-24,POR,CHA
2025-01-24,CLE,PHI
2025-01-24,NOP,MEM
2025-01-25,IND,SAS
2025-01-25,DEN,MIN
2025-01-25,BOS,DAL
2025-01-25,MIA,BKN
2025-01-25,NOP,CHA
2025-01-25,DET,ORL
2025-01-25,TOR,ATL
2025-01-25,HOU,CLE
2025-01-25,SAC,NYK
2025-01-25,PHI,CHI
2025-01-25,UTA,MEM
2025-01-25,LAL,GSW
2025-01-25,WAS,PHX
2025-01-25,MIL,LAC
2025-01-26,OKC,POR
2025-01-27,LAL,CHA
2025-01-27,DET,CLE
2025-01-27,HOU,BOS
2025-01-27,SAC,BKN
2025-01-27,ORL,MIA
2025-01-27,MEM,NYK
2025-01-27,NOP,TOR
2025-01-27,DEN,CHI
2025-01-27,ATL,MIN
2025-01-27,WAS,DAL
2025-01-27,MIL,UTA
2025-01-27,LAC,PHX
2025-01-28,LAL,PHI
2025-01-28,UTA,GSW
2025-01-28,MIL,POR
2025-01-29,BKN,CHA
2025-01-29,DET,IND
2025-01-29,TOR,WAS
2025-01-29,CHI,BOS
2025-01-29,CLE,MIA
2025-01-29,DEN,NYK
2025-01-29,SAC,PHI
2025-01-29,DAL,NOP
2025-01-29,LAC,SAS
2025-01-29,MIN,PHX
2025-01-29,OKC,GSW
2025-01-30,LAL,WAS
2025-01-30,ATL,CLE
2025-01-30,HOU,MEM
2025-01-30,MIN,UTA
2025-01-30,ORL,POR
2025-01-31,LAC,CHA
2025-01-31,DAL,DET
2025-01-31,DEN,PHI
2025-01-31,CHI,TOR
2025-01-31,BOS,NOP
2025-01-31,MIL,SAS
2025-01-31,PHX,GSW
2025-02-01,ATL,IND
2025-02-01,ORL,UTA
2025-02-01,DEN,CHA
2025-02-01,BKN,HOU
2025-02-01,WAS,MIN
2025-02-01,SAC,OKC
2025-02-01,LAL,NYK
2025-02-01,MIA,SAS
2025-02-01,PHX,POR
2025-02-02,CHI,DET
2025-02-02,DAL,CLE
2025-02-02,LAC,TOR
2025-02-02,BOS,PHI
2025-02-02,MEM,MIL
2025-02-03,WAS,CHA
2025-02-03,ATL,DET
2025-02-03,HOU,NYK
2025-02-03,SAS,MEM
2025-02-03,SAC,MIN
2025-02-03,MIL,OKC
2025-02-03,NOP,DEN
2025-02-03,IND,UTA
2025-02-03,ORL,GSW
2025-02-03,PHX,POR
2025-02-04,BOS,CLE
2025-02-04,HOU,BKN
2025-02-04,DAL,PHI
2025-02-04,NYK,TOR
2025-02-04,MIA,CHI
2025-02-04,LAL,LAC
2025-02-04,IND,POR
2025-02-05,MIL,CHA
2025-02-05,CLE,DET
2025-02-05,SAS,ATL
2025-02-05,WAS,BKN
2025-02-05,MIA,PHI
2025-02-05,MEM,TOR
2025-02-05,CHI,MIN
2025-02-05,PHX,OKC
2025-02-05,GSW,UTA
2025-02-05,NOP,DEN
2025-02-05,ORL,SAC
2025-02-06,DAL,BOS
2025-02-06,HOU,MIN
2025-02-06,ORL,DEN
2025-02-06,GSW,LAL
2025-02-06,SAC,POR
2025-02-06,IND,LAC
2025-02-07,SAS,CHA
2025-02-07,CLE,WAS
2025-02-07,MIL,ATL
2025-02-07,MIA,BKN
2025-02-07,PHI,DET
2025-02-07,TOR,OKC
2025-02-07,UTA,PHX
2025-02-08,HOU,DAL
2025-02-08,IND,LAL
2025-02-08,SAS,ORL
2025-02-08,ATL,WAS
2025-02-08,GSW,CHI
2025-02-08,OKC,MEM
2025-02-08,POR,MIN
2025-02-08,BOS,NYK
2025-02-08,DEN,PHX
2025-02-08,NOP,SAC
2025-02-08,UTA,LAC
2025-02-09,CHA,DET
2025-02-09,TOR,HOU
2025-02-09,PHI,MIL
2025-02-10,MIN,CLE
2025-02-10,ATL,ORL
2025-02-10,SAS,WAS
2025-02-10,CHA,BKN
2025-02-10,BOS,MIA
2025-02-10,GSW,MIL
2025-02-10,NOP,OKC
2025-02-10,SAC,DAL
2025-02-10,POR,DEN
2025-02-11,TOR,PHI
2025-02-11,NYK,IND
2025-02-11,DET,CHI
2025-02-11,MEM,PHX
2025-02-11,UTA,LAL
2025-02-12,SAS,BOS
2025-02-12,CHA,ORL
2025-02-12,IND,WAS
2025-02-12,PHI,BKN
2025-02-12,ATL,NYK
2025-02-12,CLE,TOR
2025-02-12,DET,CHI
2025-02-12,MIL,MIN
2025-02-12,SAC,NOP
2025-02-12,MIA,OKC
2025-02-12,PHX,HOU
2025-02-12,POR,DEN
2025-02-12,LAL,UTA
2025-02-12,GSW,DAL
2025-02-12,MEM,LAC
2025-02-13,GSW,HOU
2025-02-13,SAC,NOP
2025-02-13,MIA,DAL
2025-02-13,OKC,MIN
2025-02-20,MEM,IND
2025-02-20,BOS,PHI
2025-02-20,ORL,ATL
2025-02-20,CLE,BKN
2025-02-20,CHI,NYK
2025-02-20,LAC,MIL
2025-02-20,CHA,DEN
2025-02-20,PHX,SAS
2025-02-20,LAL,POR
2025-02-21,NYK,CLE
2025-02-21,MEM,ORL
2025-02-21,MIL,WAS
2025-02-21,MIA,TOR
2025-02-21,MIN,HOU
2025-02-21,DET,SAS
2025-02-21,NOP,DAL
2025-02-21,OKC,UTA
2025-02-21,GSW,SAC
2025-02-22,PHX,CHI
2025-02-22,BKN,PHI
2025-02-22,LAL,DEN
2025-02-22,HOU,UTA
2025-02-22,CHA,POR
2025-02-23,NYK,BOS
2025-02-23,DAL,GSW
2025-02-23,LAC,IND
2025-02-23,DET,ATL
2025-02-23,WAS,ORL
2025-02-23,PHX,TOR
2025-02-23,MIA,MIL
2025-02-23,SAS,NOP
2025-02-23,MEM,CLE
2025-02-23,OKC,MIN
2025-02-24,LAC,DET
2025-02-24,DEN,IND
2025-02-24,CHI,PHI
2025-02-24,BKN,WAS
2025-02-24,MIA,ATL
2025-02-24,MIN,OKC
2025-02-24,POR,UTA
2025-02-24,CHA,SAC
2025-02-25,BOS,TOR
2025-02-25,CLE,ORL
2025-02-25,MIL,HOU
2025-02-25,PHX,MEM
2025-02-25,SAS,NOP
2025-02-25,CHA,GSW
2025-02-25,DAL,LAL
2025-02-26,BOS,DET
2025-02-26,TOR,IND
2025-02-26,PHI,NYK
2025-02-26,POR,WAS
2025-02-26,OKC,BKN
2025-02-26,ATL,MIA
2025-02-26,LAC,CHI
2025-02-26,SAC,UTA
2025-02-26,SAS,HOU
2025-02-27,GSW,ORL
2025-02-27,DEN,MIL
2025-02-27,CHA,DAL
2025-02-27,NOP,PHX
2025-02-27,MIN,LAL
2025-02-28,DEN,DET
2025-02-28,OKC,ATL
2025-02-28,CLE,BOS
2025-02-28,POR,BKN
2025-02-28,IND,MIA
2025-02-28,TOR,CHI
2025-02-28,NYK,MEM
2025-02-28,NOP,PHX
2025-02-28,MIN,UTA
2025-02-28,LAC,LAL
2025-03-01,WAS,CHA
2025-03-01,BKN,DET
2025-03-01,SAC,HOU
2025-03-01,SAS,MEM
2025-03-01,GSW,PHI
2025-03-01,MIL,DAL
2025-03-02,DEN,BOS
2025-03-02,POR,CLE
2025-03-02,CHI,IND
2025-03-02,NYK,MIA
2025-03-02,TOR,ORL
2025-03-02,OKC,SAS
2025-03-02,NOP,UTA
2025-03-02,MIN,PHX
2025-03-02,LAC,LAL
2025-03-03,GSW,CHA
2025-03-03,POR,PHI
2025-03-03,WAS,MIA
2025-03-03,ATL,MEM
2025-03-03,HOU,OKC
2025-03-03,SAC,DAL
2025-03-03,DET,UTA
2025-03-04,HOU,IND
2025-03-04,TOR,ORL
2025-03-04,MIL,ATL
2025-03-04,GSW,NYK
2025-03-04,CLE,CHI
2025-03-04,PHI,MIN
2025-03-04,BKN,SAS
2025-03-04,LAC,PHX
2025-03-04,NOP,LAL
2025-03-05,POR,BOS
2025-03-05,MIN,CHA
2025-03-05,MIA,CLE
2025-03-05,UTA,WAS
2025-03-05,OKC,MEM
2025-03-05,SAC,DEN
2025-03-05,DAL,MIL
2025-03-05,DET,LAC
2025-03-06,IND,ATL
2025-03-06,PHI,BOS
2025-03-06,GSW,BKN
2025-03-06,HOU,NOP
2025-03-06,NYK,LAL
2025-03-07,CLE,CHA
2025-03-07,UTA,TOR
2025-03-07,MEM,DAL
2025-03-07,MIN,MIA
2025-03-07,POR,OKC
2025-03-07,PHX,DEN
2025-03-07,SAS,SAC
2025-03-07,NYK,LAC
2025-03-08,BKN,CHA
2025-03-08,NOP,HOU
2025-03-08,IND,ATL
2025-03-08,WAS,TOR
2025-03-08,CHI,MIA
2025-03-08,ORL,MIL
2025-03-08,LAL,BOS
2025-03-08,DET,GSW
2025-03-09,DEN,OKC
2025-03-09,PHX,DAL
2025-03-09,MEM,NOP
2025-03-09,UTA,PHI
2025-03-09,CLE,MIL
2025-03-09,SAS,MIN
2025-03-09,DET,POR
2025-03-09,SAC,LAC
2025-03-10,PHI,ATL
2025-03-10,UTA,BOS
2025-03-10,LAL,BKN
2025-03-10,CHA,MIA
2025-03-10,WAS,TOR
2025-03-10,IND,CHI
2025-03-10,ORL,HOU
2025-03-10,PHX,MEM
2025-03-10,DEN,OKC
2025-03-10,DAL,SAS
2025-03-10,POR,GSW
2025-03-10,NYK,SAC
2025-03-11,BKN,CLE
2025-03-11,WAS,DET
2025-03-11,MIL,IND
2025-03-11,LAC,NOP
2025-03-12,CHI,ORL
2025-03-12,CHA,ATL
2025-03-12,OKC,BOS
2025-03-12,PHI,TOR
2025-03-12,LAC,MIA
2025-03-12,PHX,HOU
2025-03-12,UTA,MEM
2025-03-12,DAL,SAS
2025-03-12,MIN,DEN
2025-03-12,NYK,POR
2025-03-13,WAS,DET
2025-03-13,LAL,MIL
2025-03-13,BKN,CHI
2025-03-13,SAC,GSW
2025-03-14,BOS,MIA
2025-03-14,IND,PHI
2025-03-14,LAC,ATL
2025-03-14,DAL,HOU
2025-03-14,CLE,MEM
2025-03-14,ORL,MIN
2025-03-14,CHA,SAS
2025-03-14,LAL,DEN
2025-03-14,TOR,UTA
2025-03-14,SAC,PHX
2025-03-15,BOS,BKN
2025-03-15,OKC,DET
2025-03-15,CHI,HOU
2025-03-15,MIA,MEM
2025-03-15,IND,MIL
2025-03-15,NOP,SAS
2025-03-15,NYK,GSW
2025-03-15,WAS,DEN
2025-03-16,PHI,DAL
2025-03-16,PHX,LAL
2025-03-16,ATL,BKN
2025-03-16,ORL,CLE
2025-03-16,TOR,POR
2025-03-16,UTA,MIN
2025-03-16,OKC,MIL
2025-03-16,WAS,LAC
2025-03-17,MIA,NYK
2025-03-17,PHI,HOU
2025-03-17,IND,MIN
2025-03-17,DET,NOP
2025-03-17,ORL,SAS
2025-03-17,CHI,UTA
2025-03-17,DEN,GSW
2025-03-17,TOR,PHX
2025-03-17,MEM,SAC
2025-03-18,ATL,CHA
2025-03-18,BKN,BOS
2025-03-18,WAS,POR
2025-03-18,MIL,LAL
2025-03-18,CLE,LAC
2025-03-19,DAL,IND
2025-03-19,HOU,ORL
2025-03-19,DET,MIA
2025-03-19,NOP,MIN
2025-03-19,PHI,OKC
2025-03-19,NYK,SAS
2025-03-19,LAC,UTA
2025-03-19,TOR,GSW
2025-03-19,DEN,LAL
2025-03-19,CHI,PHX
2025-03-19,MEM,POR
2025-03-19,CLE,SAC
2025-03-20,NYK,CHA
2025-03-20,BKN,IND
2025-03-20,MIL,GSW
2025-03-20,CHI,SAC
2025-03-21,ORL,WAS
2025-03-21,HOU,MIA
2025-03-21,NOP,MIN
2025-03-21,CHA,OKC
2025-03-21,PHI,SAS
2025-03-21,DET,DAL
2025-03-21,BOS,UTA
2025-03-21,CLE,PHX
2025-03-21,DEN,POR
2025-03-21,MEM,LAC
2025-03-22,BKN,IND
2025-03-22,GSW,ATL
2025-03-22,WAS,NYK
2025-03-22,MIL,SAC
2025-03-22,CHI,LAL
2025-03-23,NOP,DET
2025-03-23,CLE,UTA
2025-03-23,PHI,ATL
2025-03-23,CHA,MIA
2025-03-23,SAS,TOR
2025-03-23,BOS,POR
2025-03-23,DEN,HOU
2025-03-23,OKC,LAC
2025-03-24,MIN,IND
2025-03-24,LAL,ORL
2025-03-24,TOR,WAS
2025-03-24,DAL,BKN
2025-03-24,PHI,NOP
2025-03-24,CHI,DEN
2025-03-24,MIL,PHX
2025-03-24,BOS,SAC
2025-03-25,ORL,CHA
2025-03-25,SAS,DET
2025-03-25,GSW,MIA
2025-03-25,DAL,NYK
2025-03-25,ATL,HOU
2025-03-25,MEM,UTA
2025-03-25,CLE,POR
2025-03-25,OKC,SAC
2025-03-26,WAS,PHI
2025-03-26,TOR,BKN
2025-03-26,LAL,IND
2025-03-26,LAC,NYK
2025-03-26,MIL,DEN
2025-03-26,BOS,PHX
2025-03-27,SAS,CLE
2025-03-27,DAL,ORL
2025-03-27,IND,WAS
2025-03-27,ATL,MIA
2025-03-27,LAL,CHI
2025-03-27,MEM,OKC
2025-03-27,HOU,UTA
2025-03-27,POR,SAC
2025-03-28,CLE,DET
2025-03-28,LAC,BKN
2025-03-28,CHA,TOR
2025-03-28,NYK,MIL
2025-03-28,PHX,MIN
2025-03-28,GSW,NOP
2025-03-28,UTA,DEN
2025-03-29,SAC,ORL
2025-03-29,BKN,WAS
2025-03-29,MIA,PHI
2025-03-29,DAL,CHI
2025-03-29,LAL,MEM
2025-03-29,IND,OKC
2025-03-29,BOS,SAS
2025-03-30,LAC,CLE
2025-03-30,POR,NYK
2025-03-30,ATL,MIL
2025-03-30,DET,MIN
2025-03-30,CHA,NOP
2025-03-30,GSW,SAS
2025-03-30,TOR,PHI
2025-03-30,HOU,PHX
2025-03-31,UTA,CHA
2025-03-31,SAC,IND
2025-03-31,LAC,ORL
2025-03-31,MIA,WAS
2025-03-31,BOS,MEM
2025-03-31,CHI,OKC
2025-03-31,BKN,DAL
2025-03-31,HOU,LAL
2025-04-01,POR,ATL
2025-04-01,PHI,NYK
2025-04-01,TOR,CHI
2025-04-01,GSW,MEM
2025-04-01,PHX,MIL
2025-04-01,MIN,DEN
2025-04-02,NYK,CLE
2025-04-02,CHA,IND
2025-04-02,SAC,WAS
2025-04-02,MIA,BOS
2025-04-02,UTA,HOU
2025-04-02,DET,OKC
2025-04-02,ATL,DAL
2025-04-02,SAS,DEN
2025-04-02,NOP,LAC
2025-04-03,ORL,WAS
2025-04-03,MIN,BKN
2025-04-03,MEM,MIA
2025-04-03,MIL,PHI
2025-04-03,POR,TOR
2025-04-03,GSW,LAL
2025-04-04,SAC,CHA
2025-04-04,UTA,IND
2025-04-04,PHX,BOS
2025-04-04,DET,TOR
2025-04-04,POR,CHI
2025-04-04,OKC,HOU
2025-04-04,CLE,SAS
2025-04-04,DEN,GSW
2025-04-04,NOP,LAL
2025-04-04,DAL,LAC
2025-04-05,NYK,ATL
2025-04-05,MEM,DET
2025-04-05,MIN,PHI
2025-04-05,MIL,MIA
2025-04-05,DAL,LAC
2025-04-06,CHI,CHA
2025-04-06,TOR,BKN
2025-04-06,LAL,OKC
2025-04-06,UTA,ATL
2025-04-06,WAS,BOS
2025-04-06,SAC,CLE
2025-04-06,SAS,POR
2025-04-06,PHX,NYK
2025-04-06,ORL,NOP
2025-04-06,IND,DEN
2025-04-06,HOU,GSW
2025-04-07,SAC,DET
2025-04-07,PHI,MIA
2025-04-08,MEM,CHA
2025-04-08,CHI,CLE
2025-04-08,WAS,IND
2025-04-08,ATL,ORL
2025-04-08,NOP,BKN
2025-04-08,BOS,NYK
2025-04-08,MIN,MIL
2025-04-08,LAL,OKC
2025-04-08,GSW,PHX
2025-04-08,SAS,LAC
2025-04-09,BOS,ORL
2025-04-09,PHI,WAS
2025-04-09,CHA,TOR
2025-04-09,LAL,DAL
2025-04-09,MIA,CHI
2025-04-09,NOP,MIL
2025-04-09,POR,UTA
2025-04-09,SAS,GSW
2025-04-09,OKC,PHX
2025-04-09,DEN,SAC
2025-04-09,HOU,LAC
2025-04-10,NYK,DET
2025-04-10,CLE,IND
2025-04-10,ATL,BKN
2025-04-10,MIN,MEM
2025-04-11,MIL,DET
2025-04-11,ORL,IND
2025-04-11,ATL,PHI
2025-04-11,CHA,BOS
2025-04-11,CLE,NYK
2025-04-11,WAS,CHI
2025-04-11,MIA,NOP
2025-04-11,TOR,DAL
2025-04-11,BKN,MIN
2025-04-11,MEM,DEN
2025-04-11,OKC,UTA
2025-04-11,SAS,PHX
2025-04-11,GSW,POR
2025-04-11,LAC,SAC
2025-04-11,HOU,LAL
2025-04-13,ORL,ATL
2025-04-13,CHA,BOS
2025-04-13,NYK,BKN
2025-04-13,IND,CLE
2025-04-13,WAS,MIA
2025-04-13,CHI,PHI
2025-04-13,DET,MIL
2025-04-13,DEN,HOU
2025-04-13,DAL,MEM
2025-04-13,UTA,MIN
2025-04-13,OKC,NOP
2025-04-13,TOR,SAS
2025-04-13,LAC,GSW
2025-04-13,LAL,POR
2025-04-13,PHX,SAC
2024-10-04,BOS,DEN
2024-10-04,NZB,UTA
2024-10-04,MIN,LAL
2024-10-05,GSW,LAC
2024-10-06,DEN,BOS
2024-10-06,NYK,CHA
2024-10-06,WAS,TOR
2024-10-06,MIL,DET
2024-10-06,PHX,LAL
2024-10-07,ORL,NOP
2024-10-07,NZB,PHI
2024-10-07,MEM,DAL
2024-10-07,OKC,SAS
2024-10-07,HOU,UTA
2024-10-08,MIA,CHA
2024-10-08,CHI,CLE
2024-10-08,PHX,DET
2024-10-08,IND,ATL
2024-10-08,BKN,LAC
2024-10-09,WAS,NYK
2024-10-09,HOU,OKC
2024-10-09,ORL,SAS
2024-10-09,GSW,SAC
2024-10-10,IND,CLE
2024-10-10,UTA,DAL
2024-10-10,CHA,MEM
2024-10-10,LAL,MIL
2024-10-10,NZB,OKC
2024-10-11,TOR,WAS
2024-10-11,PHI,MIN
2024-10-11,SAC,GSW
2024-10-11,DET,PHX
2024-10-11,POR,LAC
2024-10-12,PHI,BOS
2024-10-12,MEM,CHI
2024-10-12,UTA,SAS
2024-10-13,NOP,MIA
2024-10-13,MIN,NYK
2024-10-13,POR,SAC
2024-10-13,TOR,BOS
2024-10-13,PHX,DEN
2024-10-13,DET,GSW
2024-10-14,MEM,IND
2024-10-14,PHI,ATL
2024-10-14,WAS,BKN
2024-10-14,CHI,MIL
2024-10-14,DAL,LAC
2024-10-15,BOS,TOR
2024-10-15,SAS,MIA
2024-10-15,CHA,NYK
2024-10-15,NOP,HOU
2024-10-15,OKC,DEN
2024-10-15,SAC,UTA
2024-10-15,GSW,LAL
2024-10-16,CLE,DET
2024-10-16,BKN,PHI
2024-10-16,ATL,MIA
2024-10-16,MIN,CHI
2024-10-16,ULM,POR
2024-10-17,CHA,IND
2024-10-17,MIL,DAL
2024-10-17,SAS,HOU
2024-10-17,ATL,OKC
2024-10-17,DEN,MIN
2024-10-17,LAL,PHX
2024-10-17,SAC,LAC
2024-10-18,PHI,ORL
2024-10-18,NYK,WAS
2024-10-18,TOR,BKN
2024-10-18,CLE,CHI
2024-10-18,MIA,MEM
2024-10-18,UTA,POR
2024-10-18,LAL,GSW
2024-10-22,NYK,BOS
2024-10-22,MIN,LAL
2024-10-23,IND,DET
2024-10-23,BKN,ATL
2024-10-23,ORL,MIA
2024-10-23,MIL,PHI
2024-10-23,CLE,TOR
2024-10-23,CHA,HOU
2024-10-23,CHI,NOP
2024-10-23,MEM,UTA
2024-10-23,PHX,LAC
2024-10-23,GSW,POR
2024-10-24,BOS,WAS
2024-10-24,SAS,DAL
2024-10-24,OKC,DEN
2024-10-24,MIN,SAC
2024-10-25,BKN,ORL
2024-10-25,PHI,TOR
2024-10-25,CHA,ATL
2024-10-25,DET,CLE
2024-10-25,IND,NYK
2024-10-25,MEM,HOU
2024-10-25,CHI,MIL
2024-10-25,GSW,UTA
2024-10-25,PHX,LAL
2024-10-25,NOP,POR
2024-10-26,LAC,DEN
2024-10-26,MIA,CHA
2024-10-26,BOS,DET
2024-10-26,CLE,WAS
2024-10-26,OKC,CHI
2024-10-26,ORL,MEM
2024-10-26,TOR,MIN
2024-10-26,HOU,SAS
2024-10-26,DAL,PHX
2024-10-26,SAC,LAL
2024-10-27,PHI,IND
2024-10-27,MIL,BKN
2024-10-27,NOP,POR
2024-10-27,ATL,OKC
2024-10-27,LAC,GSW
2024-10-28,IND,ORL
2024-10-28,WAS,ATL
2024-10-28,MIL,BOS
2024-10-28,DET,MIA
2024-10-28,CLE,NYK
2024-10-28,DEN,TOR
2024-10-28,CHI,MEM
2024-10-28,HOU,SAS
2024-10-28,UTA,DAL
2024-10-28,LAL,PHX
2024-10-28,POR,SAC
2024-10-29,DEN,BKN
2024-10-29,DAL,MIN
2024-10-29,SAC,UTA
2024-10-29,NOP,GSW
2024-10-30,TOR,CHA
2024-10-30,LAL,CLE
2024-10-30,BOS,IND
2024-10-30,DET,PHI
2024-10-30,ATL,WAS
2024-10-30,NYK,MIA
2024-10-30,ORL,CHI
2024-10-30,BKN,MEM
2024-10-30,SAS,OKC
2024-10-30,NOP,GSW
2024-10-30,POR,LAC
2024-10-31,MIL,MEM
2024-10-31,HOU,DAL
2024-10-31,SAS,UTA
2024-10-31,PHX,LAC
2024-11-01,BOS,CHA
2024-11-01,ORL,CLE
2024-11-01,NYK,DET
2024-11-01,SAC,ATL
2024-11-01,CHI,BKN
2024-11-01,LAL,TOR
2024-11-01,IND,NOP
2024-11-01,DEN,MIN
2024-11-01,OKC,POR
2024-11-02,BOS,CHA
2024-11-02,MEM,PHI
2024-11-02,SAC,TOR
2024-11-02,GSW,HOU
2024-11-02,CLE,MIL
2024-11-02,MIN,SAS
2024-11-02,MIA,WAS
2024-11-02,UTA,DEN
2024-11-02,POR,PHX
2024-11-02,OKC,LAC
2024-11-03,DET,BKN
2024-11-03,ATL,NOP
2024-11-03,ORL,DAL
2024-11-04,MIL,CLE
2024-11-04,GSW,WAS
2024-11-04,LAL,DET
2024-11-04,BOS,ATL
2024-11-04,MEM,BKN
2024-11-04,SAC,MIA
2024-11-04,UTA,CHI
2024-11-04,NYK,HOU
2024-11-04,CHA,MIN
2024-11-04,ORL,OKC
2024-11-04,POR,NOP
2024-11-04,IND,DAL
2024-11-04,TOR,DEN
2024-11-04,PHI,PHX
2024-11-04,SAS,LAC
2024-11-06,DET,CHA
2024-11-06,ORL,IND
2024-11-06,NYK,ATL
2024-11-06,GSW,BOS
2024-11-06,SAS,HOU
2024-11-06,LAL,MEM
2024-11-06,CLE,NOP
2024-11-06,CHI,DAL
2024-11-06,OKC,DEN
2024-11-06,MIA,PHX
2024-11-06,PHI,LAC
2024-11-06,TOR,SAC
2024-11-07,MIN,CHI
2024-11-07,UTA,MIL
2024-11-07,POR,SAS
2024-11-08,IND,CHA
2024-11-08,ATL,DET
2024-11-08,NOP,ORL
2024-11-08,BKN,BOS
2024-11-08,GSW,CLE
2024-11-08,MIL,NYK
2024-11-08,PHX,DAL
2024-11-08,WAS,MEM
2024-11-08,HOU,OKC
2024-11-08,POR,MIN
2024-11-08,MIA,DEN
2024-11-08,PHI,LAL
2024-11-08,LAC,SAC
2024-11-09,UTA,SAS
2024-11-09,CHI,ATL
2024-11-09,BKN,CLE
2024-11-09,TOR,LAC
2024-11-10,HOU,DET
2024-11-10,BOS,MIL
2024-11-10,NYK,IND
2024-11-10,WAS,ORL
2024-11-10,CHA,PHI
2024-11-10,MIA,MIN
2024-11-10,GSW,OKC
2024-11-10,DAL,DEN
2024-11-10,SAC,PHX
2024-11-10,MEM,POR
2024-11-10,TOR,LAL
2024-11-11,CLE,CHI
2024-11-11,WAS,HOU
2024-11-11,BKN,NOP
2024-11-11,LAC,OKC
2024-11-11,SAC,SAS
2024-11-12,ATL,BOS
2024-11-12,MIA,DET
2024-11-12,CHA,ORL
2024-11-12,NYK,PHI
2024-11-12,TOR,MIL
2024-11-12,PHX,UTA
2024-11-12,DAL,GSW
2024-11-12,MIN,POR
2024-11-13,IND,ORL
2024-11-13,BOS,BKN
2024-11-13,CHI,NYK
2024-11-13,CLE,PHI
2024-11-13,NOP,OKC
2024-11-13,LAC,HOU
2024-11-13,DET,MIL
2024-11-13,WAS,SAS
2024-11-13,MEM,LAL
2024-11-13,MIN,POR
2024-11-13,PHX,SAC
2024-11-14,DAL,UTA
2024-11-15,MIA,IND
2024-11-15,PHI,ORL
2024-11-15,DET,TOR
2024-11-15,WAS,ATL
2024-11-15,CHI,CLE
2024-11-15,BKN,NYK
2024-11-15,LAL,SAS
2024-11-15,LAC,HOU
2024-11-15,DEN,NOP
2024-11-15,PHX,OKC
2024-11-15,MEM,GSW
2024-11-15,MIN,SAC
2024-11-16,MIL,CHA
2024-11-16,TOR,BOS
2024-11-16,LAL,NOP
2024-11-16,SAS,DAL
2024-11-16,UTA,SAC
2024-11-17,PHX,MIN
2024-11-17,MIA,IND
2024-11-17,CHA,CLE
2024-11-17,DET,WAS
2024-11-17,DEN,MEM
2024-11-17,ATL,POR
2024-11-17,BKN,NYK
2024-11-17,HOU,CHI
2024-11-17,DAL,OKC
2024-11-17,UTA,LAC
2024-11-18,CHI,DET
2024-11-18,PHI,MIA
2024-11-18,WAS,NYK
2024-11-18,IND,TOR
2024-11-18,HOU,MIL
2024-11-18,ORL,PHX
2024-11-18,ATL,SAC
2024-11-18,GSW,LAC
2024-11-19,CLE,BOS
2024-11-19,CHA,BKN
2024-11-19,DEN,MEM
2024-11-19,NOP,DAL
2024-11-19,OKC,SAS
2024-11-19,UTA,LAL
2024-11-20,NOP,CLE
2024-11-20,CHI,MIL
2024-11-20,IND,HOU
2024-11-20,PHI,MEM
2024-11-20,POR,OKC
2024-11-20,NYK,PHX
2024-11-20,ATL,GSW
2024-11-20,ORL,LAC
2024-11-21,DET,CHA
2024-11-21,MIN,TOR
2024-11-21,UTA,SAS
2024-11-21,ORL,LAL
2024-11-22,BKN,PHI
2024-11-22,BOS,WAS
2024-11-22,GSW,NOP
2024-11-22,IND,MIL
2024-11-22,ATL,CHI
2024-11-22,POR,HOU
2024-11-22,DAL,DEN
2024-11-22,SAC,LAC
2024-11-23,NYK,UTA
2024-11-23,DET,ORL
2024-11-23,MEM,CHI
2024-11-23,POR,HOU
2024-11-23,CHA,MIL
2024-11-23,GSW,SAS
2024-11-23,DEN,LAL
2024-11-24,MIN,BOS
2024-11-24,WAS,IND
2024-11-24,DAL,MIA
2024-11-24,LAC,PHI
2024-11-24,TOR,CLE
2024-11-24,BKN,SAC
2024-11-25,ORL,CHA
2024-11-25,TOR,DET
2024-11-25,NOP,IND
2024-11-25,DAL,ATL
2024-11-25,LAC,BOS
2024-11-25,POR,MEM
2024-11-25,NYK,DEN
2024-11-25,BKN,GSW
2024-11-25,OKC,SAC
2024-11-26,CHI,WAS
2024-11-26,MIL,MIA
2024-11-26,HOU,MIN
2024-11-26,SAS,UTA
2024-11-26,LAL,PHX
2024-11-27,MIA,CHA
2024-11-27,ATL,CLE
2024-11-27,POR,IND
2024-11-27,CHI,ORL
2024-11-27,HOU,PHI
2024-11-27,LAC,WAS
2024-11-27,NYK,DAL
2024-11-27,DET,MEM
2024-11-27,SAC,MIN
2024-11-27,TOR,NOP
2024-11-27,LAL,SAS
2024-11-27,BKN,PHX
2024-11-27,DEN,UTA
2024-11-27,OKC,GSW
2024-11-29,NYK,CHA
2024-11-29,CLE,ATL
2024-11-29,NOP,MEM
2024-11-29,ORL,BKN
2024-11-29,LAC,MIN
2024-11-29,DET,IND
2024-11-29,TOR,MIA
2024-11-29,BOS,CHI
2024-11-29,OKC,LAL
2024-11-29,SAC,POR
2024-11-30,ATL,CHA
2024-11-30,PHI,DET
2024-11-30,WAS,MIL
2024-11-30,GSW,PHX
2024-11-30,DAL,UTA
2024-12-01,ORL,BKN
2024-12-01,IND,MEM
2024-12-01,BOS,CLE
2024-12-01,NOP,NYK
2024-12-01,MIA,TOR
2024-12-01,OKC,HOU
2024-12-01,LAL,UTA
2024-12-01,DAL,POR
2024-12-01,SAS,SAC
2024-12-01,DEN,LAC
2024-12-02,NOP,ATL
2024-12-02,MIA,BOS
2024-12-02,BKN,CHI
2024-12-02,LAL,MIN
2024-12-03,PHI,CHA
2024-12-03,WAS,CLE
2024-12-03,MIL,DET
2024-12-03,ORL,NYK
2024-12-03,IND,TOR
2024-12-03,UTA,OKC
2024-12-03,MEM,DAL
2024-12-03,SAS,PHX
2024-12-03,GSW,DEN
2024-12-03,HOU,SAC
2024-12-03,POR,LAC
2024-12-04,DET,BOS
2024-12-04,IND,BKN
2024-12-04,LAL,MIA
2024-12-04,ORL,PHI
2024-12-04,ATL,MIL
2024-12-04,MIN,LAC
2024-12-05,DEN,CLE
2024-12-05,DAL,WAS
2024-12-05,CHA,NYK
2024-12-05,OKC,TOR
2024-12-05,SAC,MEM
2024-12-05,PHX,NOP
2024-12-05,CHI,SAS
2024-12-05,HOU,GSW
2024-12-06,ORL,PHI
2024-12-06,LAL,ATL
2024-12-06,MIL,BOS
2024-12-06,IND,CHI
2024-12-06,SAC,SAS
2024-12-06,MIN,GSW
2024-12-06,UTA,POR
2024-12-07,CLE,CHA
2024-12-07,DEN,WAS
2024-12-07,OKC,NOP
2024-12-07,DET,NYK
2024-12-07,DAL,TOR
2024-12-07,MEM,BOS
2024-12-07,PHX,MIA
2024-12-08,PHI,CHI
2024-12-08,MIL,BKN
2024-12-08,CHA,IND
2024-12-08,DEN,ATL
2024-12-08,CLE,MIA
2024-12-08,PHX,ORL
2024-12-08,MEM,WAS
2024-12-08,NOP,SAS
2024-12-08,MIN,GSW
2024-12-08,HOU,LAC
2024-12-08,UTA,SAC
2024-12-08,POR,LAL
2024-12-09,NYK,TOR
2024-12-10,ORL,MIL
2024-12-10,DAL,OKC
2024-12-11,ATL,NYK
2024-12-11,GSW,HOU
2024-12-12,DET,BOS
2024-12-12,TOR,MIA
2024-12-12,SAC,NOP
2024-12-13,WAS,CLE
2024-12-13,IND,PHI
2024-12-13,LAL,MIN
2024-12-13,BKN,MEM
2024-12-13,CHA,CHI
2024-12-13,LAC,DEN
2024-12-13,PHX,UTA
2024-12-13,SAS,POR
2024-12-14,ATL,MIL
2024-12-14,HOU,OKC
2024-12-15,NOP,IND
2024-12-15,BOS,WAS
2024-12-15,NYK,ORL
2024-12-15,MIN,SAS
2024-12-15,POR,PHX
2024-12-15,DAL,GSW
2024-12-15,MEM,LAL
2024-12-16,MIA,DET
2024-12-16,PHI,CHA
2024-12-16,CHI,TOR
2024-12-16,CLE,BKN
2024-12-16,DEN,SAC
2024-12-16,UTA,LAC
2024-12-17,MIL,OKC
2024-12-19,UTA,DET
2024-12-19,OKC,ORL
2024-12-19,CHA,WAS
2024-12-19,CHI,BOS
2024-12-19,BKN,TOR
2024-12-19,NOP,HOU
2024-12-19,GSW,MEM
2024-12-19,ATL,SAS
2024-12-19,LAC,DAL
2024-12-19,IND,PHX
2024-12-19,NYK,MIN
2024-12-19,DEN,POR
2024-12-19,LAL,SAC
2024-12-20,CHA,PHI
2024-12-20,MIL,CLE
2024-12-20,OKC,MIA
2024-12-21,LAL,SAC
2024-12-21,MIA,ORL
2024-12-21,MEM,ATL
2024-12-21,UTA,BKN
2024-12-21,PHI,CLE
2024-12-21,BOS,CHI
2024-12-21,WAS,MIL
2024-12-21,GSW,MIN
2024-12-21,NYK,NOP
2024-12-21,LAC,DAL
2024-12-21,POR,SAS
2024-12-21,DET,PHX
2024-12-22,HOU,TOR
2024-12-22,IND,SAC
2024-12-22,DEN,NOP
2024-12-23,HOU,CHA
2024-12-23,UTA,CLE
2024-12-23,BOS,ORL
2024-12-23,SAS,PHI
2024-12-23,MIN,ATL
2024-12-23,BKN,MIA
2024-12-23,TOR,NYK
2024-12-23,MIL,CHI
2024-12-23,LAC,MEM
2024-12-23,WAS,OKC
2024-12-23,POR,DAL
2024-12-23,PHX,DEN
2024-12-23,IND,GSW
2024-12-23,DET,LAL
2024-12-25,SAS,NYK
2024-12-25,MIN,DAL
2024-12-25,PHI,BOS
2024-12-25,LAL,GSW
2024-12-25,DEN,PHX
2024-12-26,OKC,IND
2024-12-26,MIA,ORL
2024-12-26,CHA,WAS
2024-12-26,CHI,ATL
2024-12-26,TOR,MEM
2024-12-26,BKN,MIL
2024-12-26,HOU,NOP
2024-12-26,UTA,POR
2024-12-26,DET,SAC
2024-12-27,NYK,ORL
2024-12-27,IND,BOS
2024-12-27,SAS,BKN
2024-12-27,MIN,HOU
2024-12-27,MEM,NOP
2024-12-27,CLE,DEN
2024-12-27,DAL,PHX
2024-12-27,GSW,LAC
2024-12-28,MIA,ATL
2024-12-28,OKC,CHA
2024-12-28,NYK,WAS
2024-12-28,MIL,CHI
2024-12-28,PHX,GSW
2024-12-28,DET,DEN
2024-12-28,PHI,UTA
2024-12-28,DAL,POR
2024-12-28,SAC,LAL
2024-12-29,BKN,ORL
2024-12-29,IND,BOS
2024-12-29,ATL,TOR
2024-12-29,MIA,HOU
2024-12-29,MEM,OKC
2024-12-29,SAS,MIN
2024-12-30,CHI,CHA
2024-12-30,NYK,WAS
2024-12-30,LAC,NOP
2024-12-30,DEN,UTA
2024-12-30,CLE,GSW
2024-12-30,PHI,POR
2024-12-30,DAL,SAC
2024-12-31,TOR,BOS
2024-12-31,MIL,IND
2024-12-31,LAC,SAS
2024-12-31,MIN,OKC
2024-12-31,MEM,PHX
2024-12-31,CLE,LAL
2025-01-01,DET,ORL
2025-01-01,WAS,CHI
2025-01-01,MIA,NOP
2025-01-01,NYK,UTA
2025-01-01,TOR,BKN
2025-01-01,HOU,DAL
2025-01-01,DEN,ATL
2025-01-01,SAC,PHI
2025-01-02,MIA,IND
2025-01-02,MIN,BOS
2025-01-02,MIL,BKN
2025-01-02,OKC,LAC
2025-01-02,GSW,PHI
2025-01-02,LAL,POR
2025-01-03,DET,CHA
2025-01-03,TOR,ORL
2025-01-03,HOU,BOS
2025-01-03,NOP,WAS
2025-01-03,OKC,NYK
2025-01-03,DAL,CLE
2025-01-03,DEN,SAS
2025-01-03,SAC,MEM
2025-01-03,LAL,ATL
2025-01-04,BKN,PHI
2025-01-04,DET,MIN
2025-01-04,IND,PHX
2025-01-04,MIA,UTA
2025-01-04,CHI,NYK
2025-01-04,MIL,POR
2025-01-04,SAS,DEN
2025-01-04,GSW,MEM
2025-01-04,LAC,ATL
2025-01-05,OKC,BOS
2025-01-05,CLE,CHA
2025-01-05,WAS,NOP
2025-01-05,ORL,UTA
2025-01-05,HOU,LAL
2025-01-05,GSW,SAC
2025-01-06,DET,POR
2025-01-06,PHI,PHX
2025-01-06,BKN,IND
2025-01-06,NYK,ORL
2025-01-06,TOR,MIL
2025-01-06,CHI,SAS
2025-01-06,MEM,DAL
2025-01-06,MIN,LAC
2025-01-06,SAC,MIA
2025-01-07,CHA,PHX
2025-01-07,WAS,HOU
2025-01-07,DAL,LAL
2025-01-07,NOP,MIN
2025-01-07,UTA,ATL
2025-01-07,DEN,BOS
2025-01-07,GSW,MIA
2025-01-08,CLE,OKC
2025-01-08,IND,CHI
2025-01-08,PHI,WAS
2025-01-08,NYK,TOR
2025-01-08,BKN,DET
2025-01-08,NOP,POR
2025-01-08,DEN,LAC
2025-01-08,MIL,SAS
2025-01-09,CLE,TOR
2025-01-09,DET,GSW
2025-01-09,ORL,MIN
2025-01-09,MEM,HOU
2025-01-09,DAL,POR
2025-01-09,PHX,ATL
2025-01-09,UTA,MIA
2025-01-09,LAL,CHA
2025-01-10,IND,GSW
2025-01-10,ORL,MIL
2025-01-10,PHI,NOP
2025-01-10,BOS,SAC
2025-01-10,NYK,OKC
2025-01-10,CHI,WAS
2025-01-10,DEN,BKN
2025-01-11,ATL,HOU
2025-01-11,PHX,UTA
2025-01-11,DET,TOR
2025-01-11,MIN,MEM
2025-01-11,POR,MIA
2025-01-11,LAL,SAS
2025-01-11,LAC,CHA
2025-01-12,NYK,MIL
2025-01-12,DAL,DEN
2025-01-12,CHI,SAC
2025-01-12,BOS,NOP
2025-01-12,CLE,IND
2025-01-12,ORL,PHI
2025-01-12,WAS,OKC
2025-01-12,UTA,BKN
2025-01-12,PHX,CHA
2025-01-13,WAS,MIN
2025-01-13,NYK,DET
2025-01-13,TOR,GSW
2025-01-13,HOU,MEM
2025-01-13,LAL,SAS
2025-01-13,LAC,MIA
2025-01-14,IND,CLE
2025-01-14,PHI,OKC
2025-01-14,ATL,PHX
2025-01-14,CHI,NOP
2025-01-14,MIL,SAC
2025-01-14,DAL,DEN
2025-01-14,POR,BKN
2025-01-15,PHI,NYK
2025-01-15,TOR,BOS
2025-01-15,CHI,ATL
2025-01-15,MIL,ORL
2025-01-15,MIN,GSW
2025-01-15,NOP,DAL
2025-01-15,SAS,MEM
2025-01-15,DEN,HOU
2025-01-15,UTA,CHA
2025-01-15,LAL,MIA
2025-01-15,LAC,BKN
2025-01-16,DET,IND
2025-01-16,WAS,PHX
2025-01-16,OKC,CLE
2025-01-16,POR,LAC
2025-01-16,SAC,HOU
2025-01-17,BOS,ORL
2025-01-17,NYK,MIN
2025-01-17,MIA,DEN
2025-01-17,MIL,TOR
2025-01-17,NOP,UTA
2025-01-17,SAS,MEM
2025-01-17,DAL,OKC
2025-01-17,CHI,CHA
2025-01-17,LAL,BKN
2025-01-18,DET,PHX
2025-01-18,BOS,ATL
2025-01-18,IND,PHI
2025-01-18,GSW,WAS
2025-01-18,MIN,CLE
2025-01-18,POR,HOU
2025-01-19,MIA,SAS
2025-01-19,ORL,DEN
2025-01-19,MIL,PHI
2025-01-19,OKC,BKN
2025-01-19,LAC,LAL
2025-01-19,POR,CHI
2025-01-19,SAC,WAS
2025-01-20,CHA,DAL
2025-01-20,HOU,DET
2025-01-20,MEM,MIN
2025-01-20,NYK,ATL
2025-01-20,CLE,PHX
2025-01-20,GSW,BOS
2025-01-20,NOP,UTA
2025-01-21,BKN,NYK
2025-01-21,MIA,POR
2025-01-21,TOR,ORL
2025-01-21,DEN,PHI
2025-01-21,LAL,WAS
2025-01-21,LAC,CHI
2025-01-22,ATL,DET
2025-01-22,BKN,PHX
2025-01-22,DAL,MIN
2025-01-22,HOU,CLE
2025-01-22,MEM,CHA
2025-01-22,NOP,MIL
2025-01-22,OKC,UTA
2025-01-22,SAC,GSW
2025-01-22,LAC,BOS
2025-01-23,IND,SAS
2025-01-23,ORL,POR
2025-01-23,ATL,TOR
2025-01-23,MIL,MIA
2025-01-23,OKC,DAL
2025-01-23,DEN,SAC
2025-01-23,UTA,WAS
2025-01-23,GSW,CHI
2025-01-23,LAL,BOS
2025-01-24,CHA,POR
2025-01-24,PHI,CLE
2025-01-24,MEM,NOP
2025-01-25,SAS,IND
2025-01-25,MIN,DEN
2025-01-25,DAL,BOS
2025-01-25,BKN,MIA
2025-01-25,CHA,NOP
2025-01-25,ORL,DET
2025-01-25,ATL,TOR
2025-01-25,CLE,HOU
2025-01-25,NYK,SAC
2025-01-25,CHI,PHI
2025-01-25,MEM,UTA
2025-01-25,GSW,LAL
2025-01-25,PHX,WAS
2025-01-25,LAC,MIL
2025-01-26,POR,OKC
2025-01-27,CHA,LAL
2025-01-27,CLE,DET
2025-01-27,BOS,HOU
2025-01-27,BKN,SAC
2025-01-27,MIA,ORL
2025-01-27,NYK,MEM
2025-01-27,TOR,NOP
2025-01-27,CHI,DEN
2025-01-27,MIN,ATL
2025-01-27,DAL,WAS
2025-01-27,UTA,MIL
2025-01-27,PHX,LAC
2025-01-28,PHI,LAL
2025-01-28,GSW,UTA
2025-01-28,POR,MIL
2025-01-29,CHA,BKN
2025-01-29,IND,DET
2025-01-29,WAS,TOR
2025-01-29,BOS,CHI
2025-01-29,MIA,CLE
2025-01-29,NYK,DEN
2025-01-29,PHI,SAC
2025-01-29,NOP,DAL
2025-01-29,SAS,LAC
2025-01-29,PHX,MIN
2025-01-29,GSW,OKC
2025-01-30,WAS,LAL
2025-01-30,CLE,ATL
2025-01-30,MEM,HOU
2025-01-30,UTA,MIN
2025-01-30,POR,ORL
2025-01-31,CHA,LAC
2025-01-31,DET,DAL
2025-01-31,PHI,DEN
2025-01-31,TOR,CHI
2025-01-31,NOP,BOS
2025-01-31,SAS,MIL
2025-01-31,GSW,PHX
2025-02-01,IND,ATL
2025-02-01,UTA,ORL
2025-02-01,CHA,DEN
2025-02-01,HOU,BKN
2025-02-01,MIN,WAS
2025-02-01,OKC,SAC
2025-02-01,NYK,LAL
2025-02-01,SAS,MIA
2025-02-01,POR,PHX
2025-02-02,DET,CHI
2025-02-02,CLE,DAL
2025-02-02,TOR,LAC
2025-02-02,PHI,BOS
2025-02-02,MIL,MEM
2025-02-03,CHA,WAS
2025-02-03,DET,ATL
2025-02-03,NYK,HOU
2025-02-03,MEM,SAS
2025-02-03,MIN,SAC
2025-02-03,OKC,MIL
2025-02-03,DEN,NOP
2025-02-03,UTA,IND
2025-02-03,GSW,ORL
2025-02-03,POR,PHX
2025-02-04,CLE,BOS
2025-02-04,BKN,HOU
2025-02-04,PHI,DAL
2025-02-04,TOR,NYK
2025-02-04,CHI,MIA
2025-02-04,LAC,LAL
2025-02-04,POR,IND
2025-02-05,CHA,MIL
2025-02-05,DET,CLE
2025-02-05,ATL,SAS
2025-02-05,BKN,WAS
2025-02-05,PHI,MIA
2025-02-05,TOR,MEM
2025-02-05,MIN,CHI
2025-02-05,OKC,PHX
2025-02-05,UTA,GSW
2025-02-05,DEN,NOP
2025-02-05,SAC,ORL
2025-02-06,BOS,DAL
2025-02-06,MIN,HOU
2025-02-06,DEN,ORL
2025-02-06,LAL,GSW
2025-02-06,POR,SAC
2025-02-06,LAC,IND
2025-02-07,CHA,SAS
2025-02-07,WAS,CLE
2025-02-07,ATL,MIL
2025-02-07,BKN,MIA
2025-02-07,DET,PHI
2025-02-07,OKC,TOR
2025-02-07,PHX,UTA
2025-02-08,DAL,HOU
2025-02-08,LAL,IND
2025-02-08,ORL,SAS
2025-02-08,WAS,ATL
2025-02-08,CHI,GSW
2025-02-08,MEM,OKC
2025-02-08,MIN,POR
2025-02-08,NYK,BOS
2025-02-08,PHX,DEN
2025-02-08,SAC,NOP
2025-02-08,LAC,UTA
2025-02-09,DET,CHA
2025-02-09,HOU,TOR
2025-02-09,MIL,PHI
2025-02-10,CLE,MIN
2025-02-10,ORL,ATL
2025-02-10,WAS,SAS
2025-02-10,BKN,CHA
2025-02-10,MIA,BOS
2025-02-10,MIL,GSW
2025-02-10,OKC,NOP
2025-02-10,DAL,SAC
2025-02-10,DEN,POR
2025-02-11,PHI,TOR
2025-02-11,IND,NYK
2025-02-11,CHI,DET
2025-02-11,PHX,MEM
2025-02-11,LAL,UTA
2025-02-12,BOS,SAS
2025-02-12,ORL,CHA
2025-02-12,WAS,IND
2025-02-12,BKN,PHI
2025-02-12,NYK,ATL
2025-02-12,TOR,CLE
2025-02-12,CHI,DET
2025-02-12,MIN,MIL
2025-02-12,NOP,SAC
2025-02-12,OKC,MIA
2025-02-12,HOU,PHX
2025-02-12,DEN,POR
2025-02-12,UTA,LAL
2025-02-12,DAL,GSW
2025-02-12,LAC,MEM
2025-02-13,HOU,GSW
2025-02-13,NOP,SAC
2025-02-13,DAL,MIA
2025-02-13,MIN,OKC
2025-02-20,IND,MEM
2025-02-20,PHI,BOS
2025-02-20,ATL,ORL
2025-02-20,BKN,CLE
2025-02-20,NYK,CHI
2025-02-20,MIL,LAC
2025-02-20,DEN,CHA
2025-02-20,SAS,PHX
2025-02-20,POR,LAL
2025-02-21,CLE,NYK
2025-02-21,ORL,MEM
2025-02-21,WAS,MIL
2025-02-21,TOR,MIA
2025-02-21,HOU,MIN
2025-02-21,SAS,DET
2025-02-21,DAL,NOP
2025-02-21,UTA,OKC
2025-02-21,SAC,GSW
2025-02-22,CHI,PHX
2025-02-22,PHI,BKN
2025-02-22,DEN,LAL
2025-02-22,UTA,HOU
2025-02-22,POR,CHA
2025-02-23,BOS,NYK
2025-02-23,GSW,DAL
2025-02-23,IND,LAC
2025-02-23,ATL,DET
2025-02-23,ORL,WAS
2025-02-23,TOR,PHX
2025-02-23,MIL,MIA
2025-02-23,NOP,SAS
2025-02-23,CLE,MEM
2025-02-23,MIN,OKC
2025-02-24,DET,LAC
2025-02-24,IND,DEN
2025-02-24,PHI,CHI
2025-02-24,WAS,BKN
2025-02-24,ATL,MIA
2025-02-24,OKC,MIN
2025-02-24,UTA,POR
2025-02-24,SAC,CHA
2025-02-25,TOR,BOS
2025-02-25,ORL,CLE
2025-02-25,HOU,MIL
2025-02-25,MEM,PHX
2025-02-25,NOP,SAS
2025-02-25,GSW,CHA
2025-02-25,LAL,DAL
2025-02-26,DET,BOS
2025-02-26,IND,TOR
2025-02-26,NYK,PHI
2025-02-26,WAS,POR
2025-02-26,BKN,OKC
2025-02-26,MIA,ATL
2025-02-26,CHI,LAC
2025-02-26,UTA,SAC
2025-02-26,HOU,SAS
2025-02-27,ORL,GSW
2025-02-27,MIL,DEN
2025-02-27,DAL,CHA
2025-02-27,PHX,NOP
2025-02-27,LAL,MIN
2025-02-28,DET,DEN
2025-02-28,ATL,OKC
2025-02-28,BOS,CLE
2025-02-28,BKN,POR
2025-02-28,MIA,IND
2025-02-28,CHI,TOR
2025-02-28,MEM,NYK
2025-02-28,PHX,NOP
2025-02-28,UTA,MIN
2025-02-28,LAL,LAC
2025-03-01,CHA,WAS
2025-03-01,DET,BKN
2025-03-01,HOU,SAC
2025-03-01,MEM,SAS
2025-03-01,PHI,GSW
2025-03-01,DAL,MIL
2025-03-02,BOS,DEN
2025-03-02,CLE,POR
2025-03-02,IND,CHI
2025-03-02,MIA,NYK
2025-03-02,ORL,TOR
2025-03-02,SAS,OKC
2025-03-02,UTA,NOP
2025-03-02,PHX,MIN
2025-03-02,LAL,LAC
2025-03-03,CHA,GSW
2025-03-03,PHI,POR
2025-03-03,MIA,WAS
2025-03-03,MEM,ATL
2025-03-03,OKC,HOU
2025-03-03,DAL,SAC
2025-03-03,UTA,DET
2025-03-04,IND,HOU
2025-03-04,ORL,TOR
2025-03-04,ATL,MIL
2025-03-04,NYK,GSW
2025-03-04,CHI,CLE
2025-03-04,MIN,PHI
2025-03-04,SAS,BKN
2025-03-04,PHX,LAC
2025-03-04,LAL,NOP
2025-03-05,BOS,POR
2025-03-05,CHA,MIN
2025-03-05,CLE,MIA
2025-03-05,WAS,UTA
2025-03-05,MEM,OKC
2025-03-05,DEN,SAC
2025-03-05,MIL,DAL
2025-03-05,LAC,DET
2025-03-06,ATL,IND
2025-03-06,BOS,PHI
2025-03-06,BKN,GSW
2025-03-06,NOP,HOU
2025-03-06,LAL,NYK
2025-03-07,CHA,CLE
2025-03-07,TOR,UTA
2025-03-07,DAL,MEM
2025-03-07,MIA,MIN
2025-03-07,OKC,POR
2025-03-07,DEN,PHX
2025-03-07,SAC,SAS
2025-03-07,LAC,NYK
2025-03-08,CHA,BKN
2025-03-08,HOU,NOP
2025-03-08,ATL,IND
2025-03-08,TOR,WAS
2025-03-08,MIA,CHI
2025-03-08,MIL,ORL
2025-03-08,BOS,LAL
2025-03-08,GSW,DET
2025-03-09,OKC,DEN
2025-03-09,DAL,PHX
2025-03-09,NOP,MEM
2025-03-09,PHI,UTA
2025-03-09,MIL,CLE
2025-03-09,MIN,SAS
2025-03-09,POR,DET
2025-03-09,LAC,SAC
2025-03-10,ATL,PHI
2025-03-10,BOS,UTA
2025-03-10,BKN,LAL
2025-03-10,MIA,CHA
2025-03-10,TOR,WAS
2025-03-10,CHI,IND
2025-03-10,HOU,ORL
2025-03-10,MEM,PHX
2025-03-10,OKC,DEN
2025-03-10,SAS,DAL
2025-03-10,GSW,POR
2025-03-10,SAC,NYK
2025-03-11,CLE,BKN
2025-03-11,DET,WAS
2025-03-11,IND,MIL
2025-03-11,NOP,LAC
2025-03-12,ORL,CHI
2025-03-12,ATL,CHA
2025-03-12,BOS,OKC
2025-03-12,TOR,PHI
2025-03-12,MIA,LAC
2025-03-12,HOU,PHX
2025-03-12,MEM,UTA
2025-03-12,SAS,DAL
2025-03-12,DEN,MIN
2025-03-12,POR,NYK
2025-03-13,DET,WAS
2025-03-13,MIL,LAL
2025-03-13,CHI,BKN
2025-03-13,GSW,SAC
2025-03-14,MIA,BOS
2025-03-14,PHI,IND
2025-03-14,ATL,LAC
2025-03-14,HOU,DAL
2025-03-14,MEM,CLE
2025-03-14,MIN,ORL
2025-03-14,SAS,CHA
2025-03-14,DEN,LAL
2025-03-14,UTA,TOR
2025-03-14,PHX,SAC
2025-03-15,BKN,BOS
2025-03-15,DET,OKC
2025-03-15,HOU,CHI
2025-03-15,MEM,MIA
2025-03-15,MIL,IND
2025-03-15,SAS,NOP
2025-03-15,GSW,NYK
2025-03-15,DEN,WAS
2025-03-16,DAL,PHI
2025-03-16,LAL,PHX
2025-03-16,BKN,ATL
2025-03-16,CLE,ORL
2025-03-16,POR,TOR
2025-03-16,MIN,UTA
2025-03-16,MIL,OKC
2025-03-16,LAC,WAS
2025-03-17,NYK,MIA
2025-03-17,HOU,PHI
2025-03-17,MIN,IND
2025-03-17,NOP,DET
2025-03-17,SAS,ORL
2025-03-17,UTA,CHI
2025-03-17,GSW,DEN
2025-03-17,PHX,TOR
2025-03-17,SAC,MEM
2025-03-18,CHA,ATL
2025-03-18,BOS,BKN
2025-03-18,POR,WAS
2025-03-18,LAL,MIL
2025-03-18,LAC,CLE
2025-03-19,IND,DAL
2025-03-19,ORL,HOU
2025-03-19,MIA,DET
2025-03-19,MIN,NOP
2025-03-19,OKC,PHI
2025-03-19,SAS,NYK
2025-03-19,UTA,LAC
2025-03-19,GSW,TOR
2025-03-19,LAL,DEN
2025-03-19,PHX,CHI
2025-03-19,POR,MEM
2025-03-19,SAC,CLE
2025-03-20,CHA,NYK
2025-03-20,IND,BKN
2025-03-20,GSW,MIL
2025-03-20,SAC,CHI
2025-03-21,WAS,ORL
2025-03-21,MIA,HOU
2025-03-21,MIN,NOP
2025-03-21,OKC,CHA
2025-03-21,SAS,PHI
2025-03-21,DAL,DET
2025-03-21,UTA,BOS
2025-03-21,PHX,CLE
2025-03-21,POR,DEN
2025-03-21,LAC,MEM
2025-03-22,IND,BKN
2025-03-22,ATL,GSW
2025-03-22,NYK,WAS
2025-03-22,SAC,MIL
2025-03-22,LAL,CHI
2025-03-23,DET,NOP
2025-03-23,UTA,CLE
2025-03-23,ATL,PHI
2025-03-23,MIA,CHA
2025-03-23,TOR,SAS
2025-03-23,POR,BOS
2025-03-23,HOU,DEN
2025-03-23,LAC,OKC
2025-03-24,IND,MIN
2025-03-24,ORL,LAL
2025-03-24,WAS,TOR
2025-03-24,BKN,DAL
2025-03-24,NOP,PHI
2025-03-24,DEN,CHI
2025-03-24,PHX,MIL
2025-03-24,SAC,BOS
2025-03-25,CHA,ORL
2025-03-25,DET,SAS
2025-03-25,MIA,GSW
2025-03-25,NYK,DAL
2025-03-25,HOU,ATL
2025-03-25,UTA,MEM
2025-03-25,POR,CLE
2025-03-25,SAC,OKC
2025-03-26,PHI,WAS
2025-03-26,BKN,TOR
2025-03-26,IND,LAL
2025-03-26,NYK,LAC
2025-03-26,DEN,MIL
2025-03-26,PHX,BOS
2025-03-27,CLE,SAS
2025-03-27,ORL,DAL
2025-03-27,WAS,IND
2025-03-27,MIA,ATL
2025-03-27,CHI,LAL
2025-03-27,OKC,MEM
2025-03-27,UTA,HOU
2025-03-27,SAC,POR
2025-03-28,DET,CLE
2025-03-28,BKN,LAC
2025-03-28,TOR,CHA
2025-03-28,MIL,NYK
2025-03-28,MIN,PHX
2025-03-28,NOP,GSW
2025-03-28,DEN,UTA
2025-03-29,ORL,SAC
2025-03-29,WAS,BKN
2025-03-29,PHI,MIA
2025-03-29,CHI,DAL
2025-03-29,MEM,LAL
2025-03-29,OKC,IND
2025-03-29,SAS,BOS
2025-03-30,CLE,LAC
2025-03-30,NYK,POR
2025-03-30,MIL,ATL
2025-03-30,MIN,DET
2025-03-30,NOP,CHA
2025-03-30,SAS,GSW
2025-03-30,PHI,TOR
2025-03-30,PHX,HOU
2025-03-31,CHA,UTA
2025-03-31,IND,SAC
2025-03-31,ORL,LAC
2025-03-31,WAS,MIA
2025-03-31,MEM,BOS
2025-03-31,OKC,CHI
2025-03-31,DAL,BKN
2025-03-31,LAL,HOU
2025-04-01,ATL,POR
2025-04-01,NYK,PHI
2025-04-01,CHI,TOR
2025-04-01,MEM,GSW
2025-04-01,MIL,PHX
2025-04-01,DEN,MIN
2025-04-02,CLE,NYK
2025-04-02,IND,CHA
2025-04-02,WAS,SAC
2025-04-02,BOS,MIA
2025-04-02,HOU,UTA
2025-04-02,OKC,DET
2025-04-02,DAL,ATL
2025-04-02,DEN,SAS
2025-04-02,LAC,NOP
2025-04-03,WAS,ORL
2025-04-03,BKN,MIN
2025-04-03,MIA,MEM
2025-04-03,PHI,MIL
2025-04-03,TOR,POR
2025-04-03,LAL,GSW
2025-04-04,CHA,SAC
2025-04-04,IND,UTA
2025-04-04,BOS,PHX
2025-04-04,TOR,DET
2025-04-04,CHI,POR
2025-04-04,HOU,OKC
2025-04-04,SAS,CLE
2025-04-04,GSW,DEN
2025-04-04,LAL,NOP
2025-04-04,LAC,DAL
2025-04-05,ATL,NYK
2025-04-05,DET,MEM
2025-04-05,PHI,MIN
2025-04-05,MIA,MIL
2025-04-05,LAC,DAL
2025-04-06,CHA,CHI
2025-04-06,BKN,TOR
2025-04-06,OKC,LAL
2025-04-06,ATL,UTA
2025-04-06,BOS,WAS
2025-04-06,CLE,SAC
2025-04-06,POR,SAS
2025-04-06,NYK,PHX
2025-04-06,NOP,ORL
2025-04-06,DEN,IND
2025-04-06,GSW,HOU
2025-04-07,DET,SAC
2025-04-07,MIA,PHI
2025-04-08,CHA,MEM
2025-04-08,CLE,CHI
2025-04-08,IND,WAS
2025-04-08,ORL,ATL
2025-04-08,BKN,NOP
2025-04-08,NYK,BOS
2025-04-08,MIL,MIN
2025-04-08,OKC,LAL
2025-04-08,PHX,GSW
2025-04-08,LAC,SAS
2025-04-09,ORL,BOS
2025-04-09,WAS,PHI
2025-04-09,TOR,CHA
2025-04-09,DAL,LAL
2025-04-09,CHI,MIA
2025-04-09,MIL,NOP
2025-04-09,UTA,POR
2025-04-09,GSW,SAS
2025-04-09,PHX,OKC
2025-04-09,SAC,DEN
2025-04-09,LAC,HOU
2025-04-10,DET,NYK
2025-04-10,IND,CLE
2025-04-10,BKN,ATL
2025-04-10,MEM,MIN
2025-04-11,DET,MIL
2025-04-11,IND,ORL
2025-04-11,PHI,ATL
2025-04-11,BOS,CHA
2025-04-11,NYK,CLE
2025-04-11,CHI,WAS
2025-04-11,NOP,MIA
2025-04-11,DAL,TOR
2025-04-11,MIN,BKN
2025-04-11,DEN,MEM
2025-04-11,UTA,OKC
2025-04-11,PHX,SAS
2025-04-11,POR,GSW
2025-04-11,SAC,LAC
2025-04-11,LAL,HOU
2025-04-13,ATL,ORL
2025-04-13,BOS,CHA
2025-04-13,BKN,NYK
2025-04-13,CLE,IND
2025-04-13,MIA,WAS
2025-04-13,PHI,CHI
2025-04-13,MIL,DET
2025-04-13,HOU,DEN
2025-04-13,MEM,DAL
2025-04-13,MIN,UTA
2025-04-13,NOP,OKC
2025-04-13,SAS,TOR
2025-04-13,GSW,LAC
2025-04-13,POR,LAL
2025-04-13,SAC,PHX
2024-10-04,DEN,BOS
2024-10-04,UTA,NZB
2024-10-04,LAL,MIN
2024-10-05,LAC,GSW
2024-10-06,BOS,DEN
2024-10-06,CHA,NYK
2024-10-06,TOR,WAS
2024-10-06,DET,MIL
2024-10-06,LAL,PHX
2024-10-07,NOP,ORL
2024-10-07,PHI,NZB
2024-10-07,DAL,MEM
2024-10-07,SAS,OKC
2024-10-07,UTA,HOU
2024-10-08,CHA,MIA
2024-10-08,CLE,CHI
2024-10-08,DET,PHX
2024-10-08,ATL,IND
2024-10-08,LAC,BKN
2024-10-09,NYK,WAS
2024-10-09,OKC,HOU
2024-10-09,SAS,ORL
2024-10-09,SAC,GSW
2024-10-10,CLE,IND
2024-10-10,DAL,UTA
2024-10-10,MEM,CHA
2024-10-10,MIL,LAL
2024-10-10,OKC,NZB
2024-10-11,WAS,TOR
2024-10-11,MIN,PHI
2024-10-11,GSW,SAC
2024-10-11,PHX,DET
2024-10-11,LAC,POR
2024-10-12,BOS,PHI
2024-10-12,CHI,MEM
2024-10-12,SAS,UTA
2024-10-13,MIA,NOP
2024-10-13,NYK,MIN
2024-10-13,SAC,POR
2024-10-13,BOS,TOR
2024-10-13,DEN,PHX
2024-10-13,GSW,DET
2024-10-14,IND,MEM
2024-10-14,ATL,PHI
2024-10-14,BKN,WAS
2024-10-14,MIL,CHI
2024-10-14,LAC,DAL
2024-10-15,TOR,BOS
2024-10-15,MIA,SAS
2024-10-15,NYK,CHA
2024-10-15,HOU,NOP
2024-10-15,DEN,OKC
2024-10-15,UTA,SAC
2024-10-15,LAL,GSW
2024-10-16,DET,CLE
2024-10-16,PHI,BKN
2024-10-16,MIA,ATL
2024-10-16,CHI,MIN
2024-10-16,POR,ULM
2024-10-17,IND,CHA
2024-10-17,DAL,MIL
2024-10-17,HOU,SAS
2024-10-17,OKC,ATL
2024-10-17,MIN,DEN
2024-10-17,PHX,LAL
2024-10-17,LAC,SAC
2024-10-18,ORL,PHI
2024-10-18,WAS,NYK
2024-10-18,BKN,TOR
2024-10-18,CHI,CLE
2024-10-18,MEM,MIA
2024-10-18,POR,UTA
2024-10-18,GSW,LAL
2024-10-22,BOS,NYK
2024-10-22,LAL,MIN
2024-10-23,DET,IND
2024-10-23,ATL,BKN
2024-10-23,MIA,ORL
2024-10-23,PHI,MIL
2024-10-23,TOR,CLE
2024-10-23,HOU,CHA
2024-10-23,NOP,CHI
2024-10-23,UTA,MEM
2024-10-23,LAC,PHX
2024-10-23,POR,GSW
2024-10-24,WAS,BOS
2024-10-24,DAL,SAS
2024-10-24,DEN,OKC
2024-10-24,SAC,MIN
2024-10-25,ORL,BKN
2024-10-25,TOR,PHI
2024-10-25,ATL,CHA
2024-10-25,CLE,DET
2024-10-25,NYK,IND
2024-10-25,HOU,MEM
2024-10-25,MIL,CHI
2024-10-25,UTA,GSW
2024-10-25,LAL,PHX
2024-10-25,POR,NOP
2024-10-26,DEN,LAC
2024-10-26,CHA,MIA
2024-10-26,DET,BOS
2024-10-26,WAS,CLE
2024-10-26,CHI,OKC
2024-10-26,MEM,ORL
2024-10-26,MIN,TOR
2024-10-26,SAS,HOU
2024-10-26,PHX,DAL
2024-10-26,LAL,SAC
2024-10-27,IND,PHI
2024-10-27,BKN,MIL
2024-10-27,POR,NOP
2024-10-27,OKC,ATL
2024-10-27,GSW,LAC
2024-10-28,ORL,IND
2024-10-28,ATL,WAS
2024-10-28,BOS,MIL
2024-10-28,MIA,DET
2024-10-28,NYK,CLE
2024-10-28,TOR,DEN
2024-10-28,MEM,CHI
2024-10-28,SAS,HOU
2024-10-28,DAL,UTA
2024-10-28,PHX,LAL
2024-10-28,SAC,POR
2024-10-29,BKN,DEN
2024-10-29,MIN,DAL
2024-10-29,UTA,SAC
2024-10-29,GSW,NOP
2024-10-30,CHA,TOR
2024-10-30,CLE,LAL
2024-10-30,IND,BOS
2024-10-30,PHI,DET
2024-10-30,WAS,ATL
2024-10-30,MIA,NYK
2024-10-30,CHI,ORL
2024-10-30,MEM,BKN
2024-10-30,OKC,SAS
2024-10-30,GSW,NOP
2024-10-30,LAC,POR
2024-10-31,MEM,MIL
2024-10-31,DAL,HOU
2024-10-31,UTA,SAS
2024-10-31,LAC,PHX
2024-11-01,CHA,BOS
2024-11-01,CLE,ORL
2024-11-01,DET,NYK
2024-11-01,ATL,SAC
2024-11-01,BKN,CHI
2024-11-01,TOR,LAL
2024-11-01,NOP,IND
2024-11-01,MIN,DEN
2024-11-01,POR,OKC
2024-11-02,CHA,BOS
2024-11-02,PHI,MEM
2024-11-02,TOR,SAC
2024-11-02,HOU,GSW
2024-11-02,MIL,CLE
2024-11-02,SAS,MIN
2024-11-02,WAS,MIA
2024-11-02,DEN,UTA
2024-11-02,PHX,POR
2024-11-02,LAC,OKC
2024-11-03,BKN,DET
2024-11-03,NOP,ATL
2024-11-03,DAL,ORL
2024-11-04,CLE,MIL
2024-11-04,WAS,GSW
2024-11-04,DET,LAL
2024-11-04,ATL,BOS
2024-11-04,BKN,MEM
2024-11-04,MIA,SAC
2024-11-04,CHI,UTA
2024-11-04,HOU,NYK
2024-11-04,MIN,CHA
2024-11-04,OKC,ORL
2024-11-04,NOP,POR
2024-11-04,DAL,IND
2024-11-04,DEN,TOR
2024-11-04,PHX,PHI
2024-11-04,LAC,SAS
2024-11-06,CHA,DET
2024-11-06,IND,ORL
2024-11-06,ATL,NYK
2024-11-06,BOS,GSW
2024-11-06,HOU,SAS
2024-11-06,MEM,LAL
2024-11-06,NOP,CLE
2024-11-06,DAL,CHI
2024-11-06,DEN,OKC
2024-11-06,PHX,MIA
2024-11-06,LAC,PHI
2024-11-06,SAC,TOR
2024-11-07,CHI,MIN
2024-11-07,MIL,UTA
2024-11-07,SAS,POR
2024-11-08,CHA,IND
2024-11-08,DET,ATL
2024-11-08,ORL,NOP
2024-11-08,BOS,BKN
2024-11-08,CLE,GSW
2024-11-08,NYK,MIL
2024-11-08,DAL,PHX
2024-11-08,MEM,WAS
2024-11-08,OKC,HOU
2024-11-08,MIN,POR
2024-11-08,DEN,MIA
2024-11-08,LAL,PHI
2024-11-08,SAC,LAC
2024-11-09,SAS,UTA
2024-11-09,ATL,CHI
2024-11-09,CLE,BKN
2024-11-09,LAC,TOR
2024-11-10,DET,HOU
2024-11-10,MIL,BOS
2024-11-10,IND,NYK
2024-11-10,ORL,WAS
2024-11-10,PHI,CHA
2024-11-10,MIN,MIA
2024-11-10,OKC,GSW
2024-11-10,DEN,DAL
2024-11-10,PHX,SAC
2024-11-10,POR,MEM
2024-11-10,LAL,TOR
2024-11-11,CHI,CLE
2024-11-11,HOU,WAS
2024-11-11,NOP,BKN
2024-11-11,OKC,LAC
2024-11-11,SAS,SAC
2024-11-12,BOS,ATL
2024-11-12,DET,MIA
2024-11-12,ORL,CHA
2024-11-12,PHI,NYK
2024-11-12,MIL,TOR
2024-11-12,UTA,PHX
2024-11-12,GSW,DAL
2024-11-12,POR,MIN
2024-11-13,ORL,IND
2024-11-13,BKN,BOS
2024-11-13,NYK,CHI
2024-11-13,PHI,CLE
2024-11-13,OKC,NOP
2024-11-13,HOU,LAC
2024-11-13,MIL,DET
2024-11-13,SAS,WAS
2024-11-13,LAL,MEM
2024-11-13,POR,MIN
2024-11-13,SAC,PHX
2024-11-14,UTA,DAL
2024-11-15,IND,MIA
2024-11-15,ORL,PHI
2024-11-15,TOR,DET
2024-11-15,ATL,WAS
2024-11-15,CLE,CHI
2024-11-15,NYK,BKN
2024-11-15,SAS,LAL
2024-11-15,HOU,LAC
2024-11-15,NOP,DEN
2024-11-15,OKC,PHX
2024-11-15,GSW,MEM
2024-11-15,SAC,MIN
2024-11-16,CHA,MIL
2024-11-16,BOS,TOR
2024-11-16,NOP,LAL
2024-11-16,DAL,SAS
2024-11-16,SAC,UTA
2024-11-17,MIN,PHX
2024-11-17,IND,MIA
2024-11-17,CLE,CHA
2024-11-17,WAS,DET
2024-11-17,MEM,DEN
2024-11-17,POR,ATL
2024-11-17,NYK,BKN
2024-11-17,CHI,HOU
2024-11-17,OKC,DAL
2024-11-17,LAC,UTA
2024-11-18,DET,CHI
2024-11-18,MIA,PHI
2024-11-18,NYK,WAS
2024-11-18,TOR,IND
2024-11-18,MIL,HOU
2024-11-18,PHX,ORL
2024-11-18,SAC,ATL
2024-11-18,LAC,GSW
2024-11-19,BOS,CLE
2024-11-19,BKN,CHA
2024-11-19,MEM,DEN
2024-11-19,DAL,NOP
2024-11-19,SAS,OKC
2024-11-19,LAL,UTA
2024-11-20,CLE,NOP
2024-11-20,MIL,CHI
2024-11-20,HOU,IND
2024-11-20,MEM,PHI
2024-11-20,OKC,POR
2024-11-20,PHX,NYK
2024-11-20,GSW,ATL
2024-11-20,LAC,ORL
2024-11-21,CHA,DET
2024-11-21,TOR,MIN
2024-11-21,SAS,UTA
2024-11-21,LAL,ORL
2024-11-22,PHI,BKN
2024-11-22,WAS,BOS
2024-11-22,NOP,GSW
2024-11-22,MIL,IND
2024-11-22,CHI,ATL
2024-11-22,HOU,POR
2024-11-22,DEN,DAL
2024-11-22,LAC,SAC
2024-11-23,UTA,NYK
2024-11-23,ORL,DET
2024-11-23,CHI,MEM
2024-11-23,HOU,POR
2024-11-23,MIL,CHA
2024-11-23,SAS,GSW
2024-11-23,LAL,DEN
2024-11-24,BOS,MIN
2024-11-24,IND,WAS
2024-11-24,MIA,DAL
2024-11-24,PHI,LAC
2024-11-24,CLE,TOR
2024-11-24,SAC,BKN
2024-11-25,CHA,ORL
2024-11-25,DET,TOR
2024-11-25,IND,NOP
2024-11-25,ATL,DAL
2024-11-25,BOS,LAC
2024-11-25,MEM,POR
2024-11-25,DEN,NYK
2024-11-25,GSW,BKN
2024-11-25,SAC,OKC
2024-11-26,WAS,CHI
2024-11-26,MIA,MIL
2024-11-26,MIN,HOU
2024-11-26,UTA,SAS
2024-11-26,PHX,LAL
2024-11-27,CHA,MIA
2024-11-27,CLE,ATL
2024-11-27,IND,POR
2024-11-27,ORL,CHI
2024-11-27,PHI,HOU
2024-11-27,WAS,LAC
2024-11-27,DAL,NYK
2024-11-27,MEM,DET
2024-11-27,MIN,SAC
2024-11-27,NOP,TOR
2024-11-27,SAS,LAL
2024-11-27,PHX,BKN
2024-11-27,UTA,DEN
2024-11-27,GSW,OKC
2024-11-29,CHA,NYK
2024-11-29,ATL,CLE
2024-11-29,MEM,NOP
2024-11-29,BKN,ORL
2024-11-29,MIN,LAC
2024-11-29,IND,DET
2024-11-29,MIA,TOR
2024-11-29,CHI,BOS
2024-11-29,LAL,OKC
2024-11-29,POR,SAC
2024-11-30,CHA,ATL
2024-11-30,DET,PHI
2024-11-30,MIL,WAS
2024-11-30,PHX,GSW
2024-11-30,UTA,DAL
2024-12-01,BKN,ORL
2024-12-01,MEM,IND
2024-12-01,CLE,BOS
2024-12-01,NYK,NOP
2024-12-01,TOR,MIA
2024-12-01,HOU,OKC
2024-12-01,UTA,LAL
2024-12-01,POR,DAL
2024-12-01,SAC,SAS
2024-12-01,LAC,DEN
2024-12-02,ATL,NOP
2024-12-02,BOS,MIA
2024-12-02,CHI,BKN
2024-12-02,MIN,LAL
2024-12-03,CHA,PHI
2024-12-03,CLE,WAS
2024-12-03,DET,MIL
2024-12-03,NYK,ORL
2024-12-03,TOR,IND
2024-12-03,OKC,UTA
2024-12-03,DAL,MEM
2024-12-03,PHX,SAS
2024-12-03,DEN,GSW
2024-12-03,SAC,HOU
2024-12-03,LAC,POR
2024-12-04,BOS,DET
2024-12-04,BKN,IND
2024-12-04,MIA,LAL
2024-12-04,PHI,ORL
2024-12-04,MIL,ATL
2024-12-04,LAC,MIN
2024-12-05,CLE,DEN
2024-12-05,WAS,DAL
2024-12-05,NYK,CHA
2024-12-05,TOR,OKC
2024-12-05,MEM,SAC
2024-12-05,NOP,PHX
2024-12-05,SAS,CHI
2024-12-05,GSW,HOU
2024-12-06,PHI,ORL
2024-12-06,ATL,LAL
2024-12-06,BOS,MIL
2024-12-06,CHI,IND
2024-12-06,SAS,SAC
2024-12-06,GSW,MIN
2024-12-06,POR,UTA
2024-12-07,CHA,CLE
2024-12-07,WAS,DEN
2024-12-07,NOP,OKC
2024-12-07,NYK,DET
2024-12-07,TOR,DAL
2024-12-07,BOS,MEM
2024-12-07,MIA,PHX
2024-12-08,CHI,PHI
2024-12-08,BKN,MIL
2024-12-08,IND,CHA
2024-12-08,ATL,DEN
2024-12-08,MIA,CLE
2024-12-08,ORL,PHX
2024-12-08,WAS,MEM
2024-12-08,SAS,NOP
2024-12-08,GSW,MIN
2024-12-08,LAC,HOU
2024-12-08,SAC,UTA
2024-12-08,LAL,POR
2024-12-09,TOR,NYK
2024-12-10,MIL,ORL
2024-12-10,OKC,DAL
2024-12-11,NYK,ATL
2024-12-11,HOU,GSW
2024-12-12,BOS,DET
2024-12-12,MIA,TOR
2024-12-12,NOP,SAC
2024-12-13,CLE,WAS
2024-12-13,PHI,IND
2024-12-13,MIN,LAL
2024-12-13,MEM,BKN
2024-12-13,CHI,CHA
2024-12-13,DEN,LAC
2024-12-13,UTA,PHX
2024-12-13,POR,SAS
2024-12-14,MIL,ATL
2024-12-14,OKC,HOU
2024-12-15,IND,NOP
2024-12-15,WAS,BOS
2024-12-15,ORL,NYK
2024-12-15,SAS,MIN
2024-12-15,PHX,POR
2024-12-15,GSW,DAL
2024-12-15,LAL,MEM
2024-12-16,DET,MIA
2024-12-16,CHA,PHI
2024-12-16,TOR,CHI
2024-12-16,BKN,CLE
2024-12-16,SAC,DEN
2024-12-16,LAC,UTA
2024-12-17,OKC,MIL
2024-12-19,DET,UTA
2024-12-19,ORL,OKC
2024-12-19,WAS,CHA
2024-12-19,BOS,CHI
2024-12-19,TOR,BKN
2024-12-19,HOU,NOP
2024-12-19,MEM,GSW
2024-12-19,SAS,ATL
2024-12-19,DAL,LAC
2024-12-19,PHX,IND
2024-12-19,MIN,NYK
2024-12-19,POR,DEN
2024-12-19,SAC,LAL
2024-12-20,PHI,CHA
2024-12-20,CLE,MIL
2024-12-20,MIA,OKC
2024-12-21,SAC,LAL
2024-12-21,ORL,MIA
2024-12-21,ATL,MEM
2024-12-21,BKN,UTA
2024-12-21,CLE,PHI
2024-12-21,CHI,BOS
2024-12-21,MIL,WAS
2024-12-21,MIN,GSW
2024-12-21,NOP,NYK
2024-12-21,DAL,LAC
2024-12-21,SAS,POR
2024-12-21,PHX,DET
2024-12-22,TOR,HOU
2024-12-22,SAC,IND
2024-12-22,NOP,DEN
2024-12-23,CHA,HOU
2024-12-23,CLE,UTA
2024-12-23,ORL,BOS
2024-12-23,PHI,SAS
2024-12-23,ATL,MIN
2024-12-23,MIA,BKN
2024-12-23,NYK,TOR
2024-12-23,CHI,MIL
2024-12-23,MEM,LAC
2024-12-23,OKC,WAS
2024-12-23,DAL,POR
2024-12-23,DEN,PHX
2024-12-23,GSW,IND
2024-12-23,LAL,DET
2024-12-25,NYK,SAS
2024-12-25,DAL,MIN
2024-12-25,BOS,PHI
2024-12-25,GSW,LAL
2024-12-25,PHX,DEN
2024-12-26,IND,OKC
2024-12-26,ORL,MIA
2024-12-26,WAS,CHA
2024-12-26,ATL,CHI
2024-12-26,MEM,TOR
2024-12-26,MIL,BKN
2024-12-26,NOP,HOU
2024-12-26,POR,UTA
2024-12-26,SAC,DET
2024-12-27,ORL,NYK
2024-12-27,BOS,IND
2024-12-27,BKN,SAS
2024-12-27,HOU,MIN
2024-12-27,NOP,MEM
2024-12-27,DEN,CLE
2024-12-27,PHX,DAL
2024-12-27,LAC,GSW
2024-12-28,ATL,MIA
2024-12-28,CHA,OKC
2024-12-28,WAS,NYK
2024-12-28,CHI,MIL
2024-12-28,GSW,PHX
2024-12-28,DEN,DET
2024-12-28,UTA,PHI
2024-12-28,POR,DAL
2024-12-28,LAL,SAC
2024-12-29,ORL,BKN
2024-12-29,BOS,IND
2024-12-29,TOR,ATL
2024-12-29,HOU,MIA
2024-12-29,OKC,MEM
2024-12-29,MIN,SAS
2024-12-30,CHA,CHI
2024-12-30,WAS,NYK
2024-12-30,NOP,LAC
2024-12-30,UTA,DEN
2024-12-30,GSW,CLE
2024-12-30,POR,PHI
2024-12-30,SAC,DAL
2024-12-31,BOS,TOR
2024-12-31,IND,MIL
2024-12-31,SAS,LAC
2024-12-31,OKC,MIN
2024-12-31,PHX,MEM
2024-12-31,LAL,CLE
